AssetClass,AssetClassSubType,FNMATradeCount,FNMAUniqueID,FNMA$Trades,FHLMLCTradeCount,FHLMCUniqueID,FHLMLC$Trades,GNMATradeCount,GNMAUniqueID,GNMA$Trades,OtherTradeCount,OtherUniqueID,Other$Trades,Date
"AGENCY PASS-THRU (TBA, STIP, $ ROLLS)",SINGLE FAMILY 15Y,825,12,9911396.3,80,7,2116593.5,0,0,0,0,0,0,01/02/2019
"AGENCY PASS-THRU (TBA, STIP, $ ROLLS)",SINGLE FAMILY 30Y,5483,23,109532738.7,276,15,10163947.1,1140,28,19553447.6,0,0,0,01/02/2019
"AGENCY PASS-THRU (TBA, STIP, $ ROLLS)",OTHER,*,*,*,0,0,0,6,4,68920,0,0,0,01/02/2019
AGENCY PASS-THRU (SPECIFIED),SINGLE FAMILY 15Y,237,143,458682.1,155,113,680707.5,9,5,7895.9,0,0,0,01/02/2019
AGENCY PASS-THRU (SPECIFIED),SINGLE FAMILY 30Y,726,403,2122892.8,437,206,1498278.4,517,263,4305720.4,0,0,0,01/02/2019
AGENCY PASS-THRU (SPECIFIED),ADJUSTABLE/HYBRID,7,6,10662.1,*,*,*,24,19,55429.8,5,3,15838.4,01/02/2019
AGENCY PASS-THRU (SPECIFIED),OTHER,0,0,0,0,0,0,0,0,0,0,0,0,01/02/2019
AGENCY CMO,P&I,202,109,92506.7,249,131,194134,230,123,687908.6,8,8,3349.9,01/02/2019
AGENCY CMO,IO/PO,12,5,47308.3,*,*,*,*,*,*,*,*,*,01/02/2019
"AGENCY PASS-THRU (TBA, STIP, $ ROLLS)",SINGLE FAMILY 15Y,1632,12,16448879.8,135,9,1267312.2,0.0,0.0,0.0,0,0,0,01/03/2019
"AGENCY PASS-THRU (TBA, STIP, $ ROLLS)",SINGLE FAMILY 30Y,6774,22,156722346.9,481,19,30332970.6,1448.0,24.0,52382819.6,0,0,0,01/03/2019
"AGENCY PASS-THRU (TBA, STIP, $ ROLLS)",OTHER,30,13,538521.2,*,*,*,25.0,12.0,202286.9,0,0,0,01/03/2019
AGENCY PASS-THRU (SPECIFIED),SINGLE FAMILY 15Y,263,162,2028064.5,134,80,816131.8,5.0,5.0,19684.2,0,0,0,01/03/2019
AGENCY PASS-THRU (SPECIFIED),SINGLE FAMILY 30Y,936,463,6900750.8,532,220,1790597.1,477.0,237.0,3871653.4,0,0,0,01/03/2019
AGENCY PASS-THRU (SPECIFIED),ADJUSTABLE/HYBRID,24,14,98035.9,5,4,5496.9,10.0,7.0,20673.9,*,*,*,01/03/2019
AGENCY PASS-THRU (SPECIFIED),OTHER,0,0,0,0,0,0,0.0,0.0,0.0,0,0,0,01/03/2019
AGENCY CMO,P&I,221,123,317696.2,223,128,589081.5,245.0,146.0,17909.0,20,15,27828.9,01/03/2019
AGENCY CMO,IO/PO,17,9,30436.4,15,7,39197.3,8.0,5.0,19660.9,*,*,*,01/03/2019
"AGENCY PASS-THRU (TBA, STIP, $ ROLLS)",SINGLE FAMILY 15Y,1440,14,30249145,143,10,1473132.6,0.0,0.0,0.0,0.0,0.0,0.0,01/04/2019
"AGENCY PASS-THRU (TBA, STIP, $ ROLLS)",SINGLE FAMILY 30Y,5049,23,223845611.9,601,18,42745511.5,1568.0,39.0,50780708.9,0.0,0.0,0.0,01/04/2019
"AGENCY PASS-THRU (TBA, STIP, $ ROLLS)",OTHER,22,9,400727,*,*,*,18.0,7.0,63409.8,0.0,0.0,0.0,01/04/2019
AGENCY PASS-THRU (SPECIFIED),SINGLE FAMILY 15Y,364,225,903685,166,110,605666.4,19.0,6.0,40386.2,0.0,0.0,0.0,01/04/2019
AGENCY PASS-THRU (SPECIFIED),SINGLE FAMILY 30Y,662,434,3994948.8,372,211,1619720.8,488.0,255.0,4134783.7,0.0,0.0,0.0,01/04/2019
AGENCY PASS-THRU (SPECIFIED),ADJUSTABLE/HYBRID,22,16,79905.2,12,10,28691.2,47.0,21.0,108576.4,5.0,4.0,15466.6,01/04/2019
AGENCY PASS-THRU (SPECIFIED),OTHER,0,0,0,0,0,0,0.0,0.0,0.0,0.0,0.0,0.0,01/04/2019
AGENCY CMO,P&I,230,131,256306.7,169,105,131487.6,207.0,109.0,60708.2,23.0,19.0,63021.1,01/04/2019
AGENCY CMO,IO/PO,*,*,*,7,7,44795.5,6.0,5.0,66623.5,0.0,0.0,0.0,01/04/2019
"AGENCY PASS-THRU (TBA, STIP, $ ROLLS)",SINGLE FAMILY 15Y,1514,15,35012269,233,13,4548152.6,0.0,0.0,0.0,0,0,0,01/07/2019
"AGENCY PASS-THRU (TBA, STIP, $ ROLLS)",SINGLE FAMILY 30Y,5448,23,282588414.9,675,18,67338381.1,1328.0,28.0,42319399.0,0,0,0,01/07/2019
"AGENCY PASS-THRU (TBA, STIP, $ ROLLS)",OTHER,18,10,418190.6,0,0,0,11.0,7.0,39939.8,0,0,0,01/07/2019
AGENCY PASS-THRU (SPECIFIED),SINGLE FAMILY 15Y,337,260,2218961.8,102,60,130118.1,25.0,13.0,102305.9,0,0,0,01/07/2019
AGENCY PASS-THRU (SPECIFIED),SINGLE FAMILY 30Y,942,559,12278131.7,771,350,7478210.8,682.0,444.0,2543319.1,0,0,0,01/07/2019
AGENCY PASS-THRU (SPECIFIED),ADJUSTABLE/HYBRID,43,34,59889.6,12,10,22024.3,15.0,5.0,33123.9,20,11,31110.8,01/07/2019
AGENCY PASS-THRU (SPECIFIED),OTHER,0,0,0,0,0,0,0.0,0.0,0.0,0,0,0,01/07/2019
AGENCY CMO,P&I,265,142,245934.1,208,127,228167.4,193.0,116.0,78755.1,25,23,23600,01/07/2019
AGENCY CMO,IO/PO,7,7,48077.4,5,5,18564.8,13.0,7.0,82388.4,*,*,*,01/07/2019
"AGENCY PASS-THRU (TBA, STIP, $ ROLLS)",SINGLE FAMILY 15Y,1648,16,29342511.8,93,9,1453010.4,0.0,0.0,0.0,0,0,0,01/08/2019
"AGENCY PASS-THRU (TBA, STIP, $ ROLLS)",SINGLE FAMILY 30Y,7179,24,339989285,1544,22,98009461.9,1585.0,39.0,59577324.2,0,0,0,01/08/2019
"AGENCY PASS-THRU (TBA, STIP, $ ROLLS)",OTHER,18,10,391428,0,0,0,12.0,5.0,118114.0,0,0,0,01/08/2019
AGENCY PASS-THRU (SPECIFIED),SINGLE FAMILY 15Y,450,289,774902.4,208,124,276793.4,21.0,12.0,27027.9,0,0,0,01/08/2019
AGENCY PASS-THRU (SPECIFIED),SINGLE FAMILY 30Y,1907,1021,7050696.7,1511,711,11002182.3,640.0,312.0,5041776.3,*,*,*,01/08/2019
AGENCY PASS-THRU (SPECIFIED),ADJUSTABLE/HYBRID,16,13,100110.2,8,5,3097.2,5.0,4.0,25637.5,5,4,6430.5,01/08/2019
AGENCY PASS-THRU (SPECIFIED),OTHER,0,0,0,0,0,0,0.0,0.0,0.0,0,0,0,01/08/2019
AGENCY CMO,P&I,267,155,568804.4,348,203,488345.1,327.0,158.0,1027565.5,47,33,47290.6,01/08/2019
AGENCY CMO,IO/PO,30,19,389412.9,15,11,120550.3,15.0,7.0,170037.0,10,5,272243.1,01/08/2019
"AGENCY PASS-THRU (TBA, STIP, $ ROLLS)",SINGLE FAMILY 15Y,1561,13,18448428.7,143,9,1673897.3,0.0,0.0,0.0,0,0,0,01/09/2019
"AGENCY PASS-THRU (TBA, STIP, $ ROLLS)",SINGLE FAMILY 30Y,7148,23,266618786.2,1373,21,60133473.2,1265.0,29.0,47843092.7,0,0,0,01/09/2019
"AGENCY PASS-THRU (TBA, STIP, $ ROLLS)",OTHER,16,7,231672,0,0,0,17.0,6.0,142899.5,0,0,0,01/09/2019
AGENCY PASS-THRU (SPECIFIED),SINGLE FAMILY 15Y,425,253,2315632.9,142,83,528825.3,22.0,11.0,20061.6,0,0,0,01/09/2019
AGENCY PASS-THRU (SPECIFIED),SINGLE FAMILY 30Y,1616,913,4613618.3,699,319,3849129.6,619.0,322.0,5283600.7,0,0,0,01/09/2019
AGENCY PASS-THRU (SPECIFIED),ADJUSTABLE/HYBRID,22,14,66750.2,10,6,14338.3,30.0,12.0,58746.8,21,11,69170.8,01/09/2019
AGENCY PASS-THRU (SPECIFIED),OTHER,0,0,0,0,0,0,0.0,0.0,0.0,0,0,0,01/09/2019
AGENCY CMO,P&I,281,170,347072.3,354,194,376015.9,294.0,170.0,627495.6,*,*,*,01/09/2019
AGENCY CMO,IO/PO,30,13,74707.6,38,13,240371.9,28.0,18.0,370714.0,8,5,237814.1,01/09/2019
"AGENCY PASS-THRU (TBA, STIP, $ ROLLS)",SINGLE FAMILY 15Y,1009,18,13469599.6,124,11,1984333.6,0.0,0.0,0.0,0.0,0.0,0.0,01/10/2019
"AGENCY PASS-THRU (TBA, STIP, $ ROLLS)",SINGLE FAMILY 30Y,6027,25,165263156.2,948,22,26352415.9,1483.0,28.0,59874024.6,0.0,0.0,0.0,01/10/2019
"AGENCY PASS-THRU (TBA, STIP, $ ROLLS)",OTHER,8,7,118737.3,0,0,0,25.0,11.0,159053.1,0.0,0.0,0.0,01/10/2019
AGENCY PASS-THRU (SPECIFIED),SINGLE FAMILY 15Y,457,302,913387.5,141,82,347786.8,32.0,13.0,134866.4,0.0,0.0,0.0,01/10/2019
AGENCY PASS-THRU (SPECIFIED),SINGLE FAMILY 30Y,1385,711,14077341.1,695,319,4549866.4,1007.0,456.0,8483225.3,0.0,0.0,0.0,01/10/2019
AGENCY PASS-THRU (SPECIFIED),ADJUSTABLE/HYBRID,11,6,16789.4,165,151,30057.9,38.0,20.0,126560.2,19.0,14.0,10685.8,01/10/2019
AGENCY PASS-THRU (SPECIFIED),OTHER,0,0,0,0,0,0,0.0,0.0,0.0,0.0,0.0,0.0,01/10/2019
AGENCY CMO,P&I,228,140,243478.2,268,154,397680.7,341.0,159.0,643089.0,8.0,5.0,23840.3,01/10/2019
AGENCY CMO,IO/PO,31,18,167272.1,10,5,128062.6,32.0,20.0,337219.6,5.0,3.0,67850.5,01/10/2019
"AGENCY PASS-THRU (TBA, STIP, $ ROLLS)",SINGLE FAMILY 15Y,1738,15,26631459.4,490,17,14973994.9,0.0,0.0,0.0,0,0,0,01/11/2019
"AGENCY PASS-THRU (TBA, STIP, $ ROLLS)",SINGLE FAMILY 30Y,3420,20,117452266.5,175,13,9719881,1353.0,37.0,38796876.4,0,0,0,01/11/2019
"AGENCY PASS-THRU (TBA, STIP, $ ROLLS)",OTHER,21,11,222046,0,0,0,9.0,4.0,168481.8,0,0,0,01/11/2019
AGENCY PASS-THRU (SPECIFIED),SINGLE FAMILY 15Y,374,214,331123.3,215,127,534391.3,51.0,16.0,129143.9,0,0,0,01/11/2019
AGENCY PASS-THRU (SPECIFIED),SINGLE FAMILY 30Y,809,412,4073672.9,543,284,3051628.1,579.0,302.0,4600833.5,*,*,*,01/11/2019
AGENCY PASS-THRU (SPECIFIED),ADJUSTABLE/HYBRID,21,16,7857.5,156,146,31541.4,40.0,31.0,99726.8,12,11,7228.8,01/11/2019
AGENCY PASS-THRU (SPECIFIED),OTHER,0,0,0,0,0,0,0.0,0.0,0.0,0,0,0,01/11/2019
AGENCY CMO,P&I,242,125,165830.6,250,133,295895.2,232.0,125.0,403069.7,18,9,55846.4,01/11/2019
AGENCY CMO,IO/PO,29,17,323791.2,12,7,101488.9,29.0,16.0,227218.1,0,0,0,01/11/2019
"AGENCY PASS-THRU (TBA, STIP, $ ROLLS)",SINGLE FAMILY 15Y,2049,18,26855877.4,374,13,5747796.5,0.0,0.0,0.0,0,0,0,01/14/2019
"AGENCY PASS-THRU (TBA, STIP, $ ROLLS)",SINGLE FAMILY 30Y,2959,21,87283521.3,226,12,17392803,1234.0,34.0,44178370.2,0,0,0,01/14/2019
"AGENCY PASS-THRU (TBA, STIP, $ ROLLS)",OTHER,10,5,210498,0,0,0,24.0,7.0,125618.1,0,0,0,01/14/2019
AGENCY PASS-THRU (SPECIFIED),SINGLE FAMILY 15Y,591,324,999863.5,112,68,409316.1,23.0,13.0,13876.9,0,0,0,01/14/2019
AGENCY PASS-THRU (SPECIFIED),SINGLE FAMILY 30Y,698,359,2344028.2,507,282,1585842.6,660.0,362.0,2975037.0,0,0,0,01/14/2019
AGENCY PASS-THRU (SPECIFIED),ADJUSTABLE/HYBRID,26,19,100663.9,5,5,5914,100.0,51.0,15673.4,20,10,10076.2,01/14/2019
AGENCY PASS-THRU (SPECIFIED),OTHER,0,0,0,0,0,0,0.0,0.0,0.0,0,0,0,01/14/2019
AGENCY CMO,P&I,197,110,107561.6,243,146,374620.8,194.0,113.0,305810.9,5,5,2513.2,01/14/2019
AGENCY CMO,IO/PO,29,14,184783.2,30,14,25548.2,22.0,16.0,293413.0,*,*,*,01/14/2019
"AGENCY PASS-THRU (TBA, STIP, $ ROLLS)",SINGLE FAMILY 15Y,1985,21,27006047.6,346,12,6652705.5,0.0,0.0,0.0,0,0,0,01/15/2019
"AGENCY PASS-THRU (TBA, STIP, $ ROLLS)",SINGLE FAMILY 30Y,4371,21,137340438.1,248,14,18147361.8,1868.0,40.0,55704928.9,0,0,0,01/15/2019
"AGENCY PASS-THRU (TBA, STIP, $ ROLLS)",OTHER,17,10,329881,*,*,*,20.0,6.0,49081.9,0,0,0,01/15/2019
AGENCY PASS-THRU (SPECIFIED),SINGLE FAMILY 15Y,427,327,1020173.5,145,90,1855904.5,23.0,14.0,29811.6,0,0,0,01/15/2019
AGENCY PASS-THRU (SPECIFIED),SINGLE FAMILY 30Y,889,460,4932529.9,478,257,4571285.2,779.0,373.0,4023011.9,0,0,0,01/15/2019
AGENCY PASS-THRU (SPECIFIED),ADJUSTABLE/HYBRID,32,27,89026,14,11,7421.5,24.0,15.0,28423.4,*,*,*,01/15/2019
AGENCY PASS-THRU (SPECIFIED),OTHER,0,0,0,0,0,0,0.0,0.0,0.0,0,0,0,01/15/2019
AGENCY CMO,P&I,280,138,267126.5,328,163,326374.8,284.0,149.0,146623.7,11,6,16214.4,01/15/2019
AGENCY CMO,IO/PO,26,22,260011.3,7,5,53121.9,30.0,15.0,199737.6,0,0,0,01/15/2019
"AGENCY PASS-THRU (TBA, STIP, $ ROLLS)",SINGLE FAMILY 15Y,981,11,13069798.8,78,9,1331793,0.0,0.0,0.0,0,0,0,01/16/2019
"AGENCY PASS-THRU (TBA, STIP, $ ROLLS)",SINGLE FAMILY 30Y,2858,22,127579599.9,252,18,8128015.6,2171.0,30.0,67116507.1,0,0,0,01/16/2019
"AGENCY PASS-THRU (TBA, STIP, $ ROLLS)",OTHER,18,7,542556,0,0,0,31.0,6.0,133033.1,0,0,0,01/16/2019
AGENCY PASS-THRU (SPECIFIED),SINGLE FAMILY 15Y,461,255,791092.3,432,201,505606.1,24.0,13.0,11689.1,0,0,0,01/16/2019
AGENCY PASS-THRU (SPECIFIED),SINGLE FAMILY 30Y,1075,583,4262734.4,567,296,2740955.3,963.0,511.0,5678970.9,0,0,0,01/16/2019
AGENCY PASS-THRU (SPECIFIED),ADJUSTABLE/HYBRID,16,13,210317.3,36,17,338791.1,23.0,10.0,30197.0,7,5,5574.4,01/16/2019
AGENCY PASS-THRU (SPECIFIED),OTHER,0,0,0,0,0,0,0.0,0.0,0.0,0,0,0,01/16/2019
AGENCY CMO,P&I,256,143,200049.5,262,144,218564.7,275.0,131.0,149198.5,14,9,10871.4,01/16/2019
AGENCY CMO,IO/PO,50,24,483889.6,27,14,187136.4,23.0,15.0,351558.5,*,*,*,01/16/2019
"AGENCY PASS-THRU (TBA, STIP, $ ROLLS)",SINGLE FAMILY 15Y,1496,12,14841115.4,140,6,2029270.4,0.0,0.0,0.0,0.0,0.0,0.0,01/17/2019
"AGENCY PASS-THRU (TBA, STIP, $ ROLLS)",SINGLE FAMILY 30Y,3719,18,110848672.9,404,16,16642102.1,3387.0,39.0,69591397.8,0.0,0.0,0.0,01/17/2019
"AGENCY PASS-THRU (TBA, STIP, $ ROLLS)",OTHER,20,11,542144.3,0,0,0,20.0,10.0,147602.1,0.0,0.0,0.0,01/17/2019
AGENCY PASS-THRU (SPECIFIED),SINGLE FAMILY 15Y,386,248,1402160.1,143,82,172106.4,18.0,9.0,122286.4,0.0,0.0,0.0,01/17/2019
AGENCY PASS-THRU (SPECIFIED),SINGLE FAMILY 30Y,961,538,3043427.6,505,244,2652607.8,924.0,449.0,7026303.4,0.0,0.0,0.0,01/17/2019
AGENCY PASS-THRU (SPECIFIED),ADJUSTABLE/HYBRID,34,29,67537.5,31,24,191817.6,22.0,6.0,205576.4,7.0,6.0,26756.8,01/17/2019
AGENCY PASS-THRU (SPECIFIED),OTHER,0,0,0,0,0,0,0.0,0.0,0.0,0.0,0.0,0.0,01/17/2019
AGENCY CMO,P&I,406,174,146059.4,297,169,275499,324.0,160.0,225497.3,11.0,7.0,33307.1,01/17/2019
AGENCY CMO,IO/PO,36,22,271990.3,51,20,279557.1,58.0,38.0,449677.8,0.0,0.0,0.0,01/17/2019
"AGENCY PASS-THRU (TBA, STIP, $ ROLLS)",SINGLE FAMILY 15Y,1100,11,8553039,73,5,777100,0.0,0.0,0.0,0.0,0.0,0.0,01/18/2019
"AGENCY PASS-THRU (TBA, STIP, $ ROLLS)",SINGLE FAMILY 30Y,4114,23,102699370.9,212,14,23510889.9,2502.0,44.0,58291953.7,0.0,0.0,0.0,01/18/2019
"AGENCY PASS-THRU (TBA, STIP, $ ROLLS)",OTHER,11,7,116342,0,0,0,7.0,4.0,66654.3,0.0,0.0,0.0,01/18/2019
AGENCY PASS-THRU (SPECIFIED),SINGLE FAMILY 15Y,265,147,656106.5,115,64,111114.1,28.0,19.0,5501.9,0.0,0.0,0.0,01/18/2019
AGENCY PASS-THRU (SPECIFIED),SINGLE FAMILY 30Y,953,594,4953524.3,446,201,1430080.3,747.0,385.0,7636890.5,0.0,0.0,0.0,01/18/2019
AGENCY PASS-THRU (SPECIFIED),ADJUSTABLE/HYBRID,418,212,194110.7,13,8,43688.7,24.0,9.0,42756.8,14.0,9.0,4524.8,01/18/2019
AGENCY PASS-THRU (SPECIFIED),OTHER,0,0,0,0,0,0,0.0,0.0,0.0,0.0,0.0,0.0,01/18/2019
AGENCY CMO,P&I,279,149,200762.6,365,207,214892.7,292.0,133.0,267586.2,14.0,12.0,8563.2,01/18/2019
AGENCY CMO,IO/PO,24,20,164717.1,16,10,111699.7,20.0,12.0,287875.2,0.0,0.0,0.0,01/18/2019
"AGENCY PASS-THRU (TBA, STIP, $ ROLLS)",SINGLE FAMILY 15Y,529,12,3620514.5,24,6,89725,*,*,*,0.0,0.0,0.0,01/22/2019
"AGENCY PASS-THRU (TBA, STIP, $ ROLLS)",SINGLE FAMILY 30Y,3268,23,89634879.5,226,17,16212016.7,1167,28,20043091,0.0,0.0,0.0,01/22/2019
"AGENCY PASS-THRU (TBA, STIP, $ ROLLS)",OTHER,9,4,224780,0,0,0,16,10,97430.2,0.0,0.0,0.0,01/22/2019
AGENCY PASS-THRU (SPECIFIED),SINGLE FAMILY 15Y,284,193,541434,131,90,162502.1,14,10,610.2,0.0,0.0,0.0,01/22/2019
AGENCY PASS-THRU (SPECIFIED),SINGLE FAMILY 30Y,827,493,2399675.8,480,253,2419781.3,689,375,3164080.8,0.0,0.0,0.0,01/22/2019
AGENCY PASS-THRU (SPECIFIED),ADJUSTABLE/HYBRID,25,14,498542.6,497,479,276997.4,25,21,203723.4,8.0,8.0,3978.6,01/22/2019
AGENCY PASS-THRU (SPECIFIED),OTHER,0,0,0,0,0,0,0,0,0,0.0,0.0,0.0,01/22/2019
AGENCY CMO,P&I,249,146,98899.6,266,154,246468.3,320,147,278418.1,27.0,19.0,419399.9,01/22/2019
AGENCY CMO,IO/PO,*,*,*,16,10,16510.7,17,16,139904.5,9.0,8.0,228913.7,01/22/2019
"AGENCY PASS-THRU (TBA, STIP, $ ROLLS)",SINGLE FAMILY 15Y,948,12,8327427.4,76,9,1163965.9,0.0,0.0,0.0,0,0,0,01/23/2019
"AGENCY PASS-THRU (TBA, STIP, $ ROLLS)",SINGLE FAMILY 30Y,4145,20,101273244.5,296,17,10358439.9,1116.0,26.0,39138689.8,0,0,0,01/23/2019
"AGENCY PASS-THRU (TBA, STIP, $ ROLLS)",OTHER,8,6,220165.3,0,0,0,15.0,5.0,43135.3,0,0,0,01/23/2019
AGENCY PASS-THRU (SPECIFIED),SINGLE FAMILY 15Y,292,203,1131641.5,119,71,792505.8,25.0,15.0,10470.8,0,0,0,01/23/2019
AGENCY PASS-THRU (SPECIFIED),SINGLE FAMILY 30Y,808,413,4431859.6,828,511,3265638.9,877.0,474.0,3063189.6,0,0,0,01/23/2019
AGENCY PASS-THRU (SPECIFIED),ADJUSTABLE/HYBRID,39,25,71197.7,12,5,37113.7,17.0,10.0,41329.0,*,*,*,01/23/2019
AGENCY PASS-THRU (SPECIFIED),OTHER,0,0,0,0,0,0,0.0,0.0,0.0,0,0,0,01/23/2019
AGENCY CMO,P&I,248,153,342951.9,257,141,302847.5,228.0,121.0,188515.8,15,7,48209.6,01/23/2019
AGENCY CMO,IO/PO,30,20,296532.9,16,11,104292.5,29.0,21.0,86279.6,0,0,0,01/23/2019
"AGENCY PASS-THRU (TBA, STIP, $ ROLLS)",SINGLE FAMILY 15Y,1738,15,19677606,149,14,2771217.9,0.0,0.0,0.0,0,0,0,01/24/2019
"AGENCY PASS-THRU (TBA, STIP, $ ROLLS)",SINGLE FAMILY 30Y,4698,22,95686220.3,246,15,12558459.5,1053.0,34.0,37998079.1,0,0,0,01/24/2019
"AGENCY PASS-THRU (TBA, STIP, $ ROLLS)",OTHER,18,8,479558,0,0,0,16.0,7.0,29600.2,0,0,0,01/24/2019
AGENCY PASS-THRU (SPECIFIED),SINGLE FAMILY 15Y,415,242,801453.2,132,73,102126.3,18.0,10.0,4844.8,0,0,0,01/24/2019
AGENCY PASS-THRU (SPECIFIED),SINGLE FAMILY 30Y,1449,775,3173820.1,703,303,3955977.1,1042.0,673.0,2672529.7,0,0,0,01/24/2019
AGENCY PASS-THRU (SPECIFIED),ADJUSTABLE/HYBRID,18,11,93035.3,8,5,18866.9,8.0,3.0,10529.3,*,*,*,01/24/2019
AGENCY PASS-THRU (SPECIFIED),OTHER,0,0,0,0,0,0,0.0,0.0,0.0,0,0,0,01/24/2019
AGENCY CMO,P&I,260,127,272018.1,272,157,291456.8,243.0,141.0,250275.2,29,16,83753,01/24/2019
AGENCY CMO,IO/PO,37,22,104265.7,15,8,125749.8,82.0,41.0,641494.3,0,0,0,01/24/2019
"AGENCY PASS-THRU (TBA, STIP, $ ROLLS)",SINGLE FAMILY 15Y,1509,12,15345676,85,7,1108306.4,0,0,0,0.0,0.0,0.0,01/25/2019
"AGENCY PASS-THRU (TBA, STIP, $ ROLLS)",SINGLE FAMILY 30Y,6399,18,115607843.3,275,20,9010979.1,1140,30,27658222.8,0.0,0.0,0.0,01/25/2019
"AGENCY PASS-THRU (TBA, STIP, $ ROLLS)",OTHER,17,8,194076,*,*,*,*,*,*,0.0,0.0,0.0,01/25/2019
AGENCY PASS-THRU (SPECIFIED),SINGLE FAMILY 15Y,482,297,516254.5,141,92,378023.8,16,14,6679,0.0,0.0,0.0,01/25/2019
AGENCY PASS-THRU (SPECIFIED),SINGLE FAMILY 30Y,1302,751,2828250.4,572,280,2256178.2,812,535,2617954.7,0.0,0.0,0.0,01/25/2019
AGENCY PASS-THRU (SPECIFIED),ADJUSTABLE/HYBRID,35,18,59228.3,12,7,121235.3,17,9,20089.4,19.0,9.0,72657.6,01/25/2019
AGENCY PASS-THRU (SPECIFIED),OTHER,0,0,0,0,0,0,0,0,0,0.0,0.0,0.0,01/25/2019
AGENCY CMO,P&I,303,151,178489.2,395,192,403315,406,174,411411.2,17.0,17.0,21565.8,01/25/2019
AGENCY CMO,IO/PO,33,13,181699.6,17,11,148359.2,59,24,220407,7.0,7.0,264205.6,01/25/2019
"AGENCY PASS-THRU (TBA, STIP, $ ROLLS)",SINGLE FAMILY 15Y,997,13,5627334,115,11,1726528.9,0.0,0.0,0.0,0,0,0,01/28/2019
"AGENCY PASS-THRU (TBA, STIP, $ ROLLS)",SINGLE FAMILY 30Y,4313,19,94532082.4,286,19,10587068,1076.0,23.0,28795207.0,0,0,0,01/28/2019
"AGENCY PASS-THRU (TBA, STIP, $ ROLLS)",OTHER,15,9,340291,0,0,0,10.0,5.0,110756.1,0,0,0,01/28/2019
AGENCY PASS-THRU (SPECIFIED),SINGLE FAMILY 15Y,236,149,381106.6,101,64,162863.1,28.0,17.0,45036.6,0,0,0,01/28/2019
AGENCY PASS-THRU (SPECIFIED),SINGLE FAMILY 30Y,916,525,1531854.1,589,274,1092056.6,709.0,479.0,1238753.9,0,0,0,01/28/2019
AGENCY PASS-THRU (SPECIFIED),ADJUSTABLE/HYBRID,73,57,324094.3,18,13,59425.1,21.0,20.0,94777.5,10,6,18953.5,01/28/2019
AGENCY PASS-THRU (SPECIFIED),OTHER,0,0,0,0,0,0,0.0,0.0,0.0,0,0,0,01/28/2019
AGENCY CMO,P&I,237,141,194867.2,266,149,133418.5,466.0,189.0,190422.2,44,38,32908.1,01/28/2019
AGENCY CMO,IO/PO,44,24,164300.8,15,10,67255,45.0,22.0,88669.1,*,*,*,01/28/2019
"AGENCY PASS-THRU (TBA, STIP, $ ROLLS)",SINGLE FAMILY 15Y,1312,11,22148836.1,145,8,3130326.1,0.0,0.0,0.0,0,0,0,01/29/2019
"AGENCY PASS-THRU (TBA, STIP, $ ROLLS)",SINGLE FAMILY 30Y,3769,20,109274013.2,319,17,12766748.5,1091.0,33.0,24124396.5,0,0,0,01/29/2019
"AGENCY PASS-THRU (TBA, STIP, $ ROLLS)",OTHER,28,11,465530,0,0,0,20.0,10.0,97133.1,0,0,0,01/29/2019
AGENCY PASS-THRU (SPECIFIED),SINGLE FAMILY 15Y,394,244,786751.3,124,79,871615,19.0,9.0,30813.8,0,0,0,01/29/2019
AGENCY PASS-THRU (SPECIFIED),SINGLE FAMILY 30Y,2159,1111,3505154.5,814,405,2525605.4,735.0,448.0,742469.3,0,0,0,01/29/2019
AGENCY PASS-THRU (SPECIFIED),ADJUSTABLE/HYBRID,36,24,190297.5,89,66,130878,23.0,18.0,70282.9,10,4,60099.6,01/29/2019
AGENCY PASS-THRU (SPECIFIED),OTHER,0,0,0,0,0,0,0.0,0.0,0.0,0,0,0,01/29/2019
AGENCY CMO,P&I,307,166,301163.8,214,137,72793,458.0,163.0,519144.2,21,17,65630.2,01/29/2019
AGENCY CMO,IO/PO,55,27,242823.5,55,23,54125.3,94.0,25.0,380117.2,*,*,*,01/29/2019
"AGENCY PASS-THRU (TBA, STIP, $ ROLLS)",SINGLE FAMILY 15Y,1389,13,17287534.4,143,8,1558452.4,0.0,0.0,0.0,0,0,0,01/30/2019
"AGENCY PASS-THRU (TBA, STIP, $ ROLLS)",SINGLE FAMILY 30Y,4675,20,89319160.6,356,15,18234739.6,1299.0,27.0,27713571.7,0,0,0,01/30/2019
"AGENCY PASS-THRU (TBA, STIP, $ ROLLS)",OTHER,16,11,211331,0,0,0,30.0,8.0,126266.0,0,0,0,01/30/2019
AGENCY PASS-THRU (SPECIFIED),SINGLE FAMILY 15Y,323,190,563433.1,267,136,134511.4,9.0,5.0,20296.5,0,0,0,01/30/2019
AGENCY PASS-THRU (SPECIFIED),SINGLE FAMILY 30Y,1052,593,5289445.1,562,259,3370069.3,431.0,261.0,605479.2,0,0,0,01/30/2019
AGENCY PASS-THRU (SPECIFIED),ADJUSTABLE/HYBRID,24,19,112785.5,16,13,68275.1,9.0,8.0,14821.7,6,3,8979.7,01/30/2019
AGENCY PASS-THRU (SPECIFIED),OTHER,0,0,0,0,0,0,0.0,0.0,0.0,0,0,0,01/30/2019
AGENCY CMO,P&I,244,135,87776.3,279,151,260825.9,387.0,155.0,95688.6,15,9,88150.6,01/30/2019
AGENCY CMO,IO/PO,24,11,133421.5,21,10,478999.7,54.0,24.0,405847.6,*,*,*,01/30/2019
"AGENCY PASS-THRU (TBA, STIP, $ ROLLS)",SINGLE FAMILY 15Y,1041,13,9534369.5,148,10,2043869.1,0.0,0.0,0.0,0.0,0.0,0.0,01/31/2019
"AGENCY PASS-THRU (TBA, STIP, $ ROLLS)",SINGLE FAMILY 30Y,5010,21,153571115.8,588,18,16762737,1404.0,34.0,32494276.1,0.0,0.0,0.0,01/31/2019
"AGENCY PASS-THRU (TBA, STIP, $ ROLLS)",OTHER,21,10,285120,0,0,0,34.0,12.0,227345.4,0.0,0.0,0.0,01/31/2019
AGENCY PASS-THRU (SPECIFIED),SINGLE FAMILY 15Y,321,190,1136930.3,119,84,280562.7,17.0,16.0,253.0,0.0,0.0,0.0,01/31/2019
AGENCY PASS-THRU (SPECIFIED),SINGLE FAMILY 30Y,1047,610,4770881.1,508,271,2452824.6,558.0,320.0,5111425.9,0.0,0.0,0.0,01/31/2019
AGENCY PASS-THRU (SPECIFIED),ADJUSTABLE/HYBRID,17,14,31824,5,4,8401.3,48.0,45.0,7361.4,8.0,2.0,33677.6,01/31/2019
AGENCY PASS-THRU (SPECIFIED),OTHER,0,0,0,0,0,0,0.0,0.0,0.0,0.0,0.0,0.0,01/31/2019
AGENCY CMO,P&I,261,142,143533.2,289,141,100948.8,360.0,160.0,784220.5,19.0,14.0,70828.7,01/31/2019
AGENCY CMO,IO/PO,35,15,753599.8,14,8,61874.5,28.0,13.0,225710.7,0.0,0.0,0.0,01/31/2019
"AGENCY PASS-THRU (TBA, STIP, $ ROLLS)",SINGLE FAMILY 15Y,1568,11,21901331.4,95,8,1324680,0.0,0.0,0.0,0,0,0,02/01/2019
"AGENCY PASS-THRU (TBA, STIP, $ ROLLS)",SINGLE FAMILY 30Y,5572,20,126692845.3,333,16,11484145.5,1419.0,23.0,40120818.4,0,0,0,02/01/2019
"AGENCY PASS-THRU (TBA, STIP, $ ROLLS)",OTHER,15,7,185104,0,0,0,9.0,7.0,98087.0,0,0,0,02/01/2019
AGENCY PASS-THRU (SPECIFIED),SINGLE FAMILY 15Y,294,190,863638.9,108,77,171258.5,26.0,17.0,10814.9,0,0,0,02/01/2019
AGENCY PASS-THRU (SPECIFIED),SINGLE FAMILY 30Y,892,553,2954657.7,536,305,2303720.8,508.0,291.0,4811860.0,0,0,0,02/01/2019
AGENCY PASS-THRU (SPECIFIED),ADJUSTABLE/HYBRID,10,8,101285.1,18,14,51275.9,30.0,18.0,42585.2,*,*,*,02/01/2019
AGENCY PASS-THRU (SPECIFIED),OTHER,0,0,0,0,0,0,0.0,0.0,0.0,0,0,0,02/01/2019
AGENCY CMO,P&I,225,123,419414.9,188,114,6141590.7,252.0,123.0,1004555.4,12,12,13090.8,02/01/2019
AGENCY CMO,IO/PO,16,5,19997.7,7,4,82410.1,14.0,9.0,112784.8,0,0,0,02/01/2019
"AGENCY PASS-THRU (TBA, STIP, $ ROLLS)",SINGLE FAMILY 15Y,667,12,6949415.6,138,8,2248360.7,0.0,0.0,0.0,0,0,0,02/04/2019
"AGENCY PASS-THRU (TBA, STIP, $ ROLLS)",SINGLE FAMILY 30Y,4295,24,109709228.1,560,16,34279403.4,1245.0,31.0,46845097.2,0,0,0,02/04/2019
"AGENCY PASS-THRU (TBA, STIP, $ ROLLS)",OTHER,17,11,367314.9,0,0,0,10.0,7.0,154017.0,0,0,0,02/04/2019
AGENCY PASS-THRU (SPECIFIED),SINGLE FAMILY 15Y,319,226,793293.1,100,57,271880.8,25.0,17.0,33483.4,0,0,0,02/04/2019
AGENCY PASS-THRU (SPECIFIED),SINGLE FAMILY 30Y,852,548,8500246.2,401,239,2641288.4,467.0,230.0,2201341.4,0,0,0,02/04/2019
AGENCY PASS-THRU (SPECIFIED),ADJUSTABLE/HYBRID,40,31,75448.6,17,12,18858.7,39.0,29.0,29521.5,0,0,0,02/04/2019
AGENCY PASS-THRU (SPECIFIED),OTHER,0,0,0,0,0,0,0.0,0.0,0.0,0,0,0,02/04/2019
AGENCY CMO,P&I,198,110,251834.6,203,123,222925.1,278.0,142.0,293459.8,12,9,57206.5,02/04/2019
AGENCY CMO,IO/PO,35,22,418830.4,13,10,100639.4,19.0,12.0,220335.5,*,*,*,02/04/2019
"AGENCY PASS-THRU (TBA, STIP, $ ROLLS)",SINGLE FAMILY 15Y,1211,13,14706103.7,170,10,2415353.8,0.0,0.0,0.0,0,0,0,02/05/2019
"AGENCY PASS-THRU (TBA, STIP, $ ROLLS)",SINGLE FAMILY 30Y,4424,23,158790215.7,721,19,38213844.4,1393.0,34.0,55148080.1,0,0,0,02/05/2019
"AGENCY PASS-THRU (TBA, STIP, $ ROLLS)",OTHER,14,8,200732,*,*,*,16.0,8.0,128133.2,0,0,0,02/05/2019
AGENCY PASS-THRU (SPECIFIED),SINGLE FAMILY 15Y,620,515,1094548.3,98,57,172141.7,17.0,9.0,15581.8,0,0,0,02/05/2019
AGENCY PASS-THRU (SPECIFIED),SINGLE FAMILY 30Y,1210,733,6279171,518,260,4046125,720.0,325.0,2874800.2,0,0,0,02/05/2019
AGENCY PASS-THRU (SPECIFIED),ADJUSTABLE/HYBRID,20,18,12629.3,28,17,43032.4,8.0,7.0,13850.3,12,4,62360.8,02/05/2019
AGENCY PASS-THRU (SPECIFIED),OTHER,0,0,0,0,0,0,0.0,0.0,0.0,0,0,0,02/05/2019
AGENCY CMO,P&I,228,119,122261.3,198,112,456789.2,320.0,156.0,249983.7,9,9,16555.5,02/05/2019
AGENCY CMO,IO/PO,19,12,331990.9,84,43,129304.6,24.0,18.0,265049.6,*,*,*,02/05/2019
"AGENCY PASS-THRU (TBA, STIP, $ ROLLS)",SINGLE FAMILY 15Y,1827,14,21851415.9,102,10,1488479.9,0.0,0.0,0.0,0,0,0,02/06/2019
"AGENCY PASS-THRU (TBA, STIP, $ ROLLS)",SINGLE FAMILY 30Y,5295,28,243597806,603,24,36589758.4,1257.0,29.0,28454870.3,0,0,0,02/06/2019
"AGENCY PASS-THRU (TBA, STIP, $ ROLLS)",OTHER,10,5,154966,0,0,0,31.0,8.0,214914.1,0,0,0,02/06/2019
AGENCY PASS-THRU (SPECIFIED),SINGLE FAMILY 15Y,434,321,1478231,124,91,532751.4,96.0,56.0,134953.6,0,0,0,02/06/2019
AGENCY PASS-THRU (SPECIFIED),SINGLE FAMILY 30Y,1291,734,7086150.7,633,319,1748550.6,695.0,373.0,2099644.7,0,0,0,02/06/2019
AGENCY PASS-THRU (SPECIFIED),ADJUSTABLE/HYBRID,11,9,22560.7,20,10,83162.3,6.0,4.0,1415.8,*,*,*,02/06/2019
AGENCY PASS-THRU (SPECIFIED),OTHER,0,0,0,0,0,0,0.0,0.0,0.0,0,0,0,02/06/2019
AGENCY CMO,P&I,229,127,161889.2,192,127,216916,278.0,134.0,487527.7,28,23,99604.7,02/06/2019
AGENCY CMO,IO/PO,55,13,258475,17,11,482490.9,17.0,13.0,393849.5,*,*,*,02/06/2019
"AGENCY PASS-THRU (TBA, STIP, $ ROLLS)",SINGLE FAMILY 15Y,1129,16,14756572.8,98,9,1607835.5,0.0,0.0,0.0,0,0,0,02/07/2019
"AGENCY PASS-THRU (TBA, STIP, $ ROLLS)",SINGLE FAMILY 30Y,7485,24,276174666,1147,18,51536168.2,1457.0,29.0,44335300.0,0,0,0,02/07/2019
"AGENCY PASS-THRU (TBA, STIP, $ ROLLS)",OTHER,13,6,572936.3,*,*,*,37.0,14.0,336573.9,0,0,0,02/07/2019
AGENCY PASS-THRU (SPECIFIED),SINGLE FAMILY 15Y,335,211,755849.4,135,75,258404,47.0,28.0,41748.1,0,0,0,02/07/2019
AGENCY PASS-THRU (SPECIFIED),SINGLE FAMILY 30Y,1372,817,6671435.1,898,503,7496529.9,573.0,293.0,3661750.9,0,0,0,02/07/2019
AGENCY PASS-THRU (SPECIFIED),ADJUSTABLE/HYBRID,39,23,101131.5,22,12,156138.5,23.0,6.0,11068.9,8,5,3997,02/07/2019
AGENCY PASS-THRU (SPECIFIED),OTHER,0,0,0,0,0,0,0.0,0.0,0.0,0,0,0,02/07/2019
AGENCY CMO,P&I,223,123,72604.4,206,137,406415.1,313.0,154.0,146209.5,19,16,15273.4,02/07/2019
AGENCY CMO,IO/PO,28,12,303690,12,10,286353.8,26.0,10.0,263068.1,*,*,*,02/07/2019
"AGENCY PASS-THRU (TBA, STIP, $ ROLLS)",SINGLE FAMILY 15Y,1426,13,15897047.1,124,9,944892.9,0.0,0.0,0.0,0.0,0.0,0.0,02/08/2019
"AGENCY PASS-THRU (TBA, STIP, $ ROLLS)",SINGLE FAMILY 30Y,6003,23,204618329.5,1032,19,44730175.9,1160.0,33.0,26132040.1,0.0,0.0,0.0,02/08/2019
"AGENCY PASS-THRU (TBA, STIP, $ ROLLS)",OTHER,20,11,295355,*,*,*,34.0,12.0,234006.3,0.0,0.0,0.0,02/08/2019
AGENCY PASS-THRU (SPECIFIED),SINGLE FAMILY 15Y,325,189,1206784.2,132,77,806433.7,38.0,14.0,15306.5,0.0,0.0,0.0,02/08/2019
AGENCY PASS-THRU (SPECIFIED),SINGLE FAMILY 30Y,939,505,4522801.2,533,269,1470335.3,751.0,375.0,3608140.5,0.0,0.0,0.0,02/08/2019
AGENCY PASS-THRU (SPECIFIED),ADJUSTABLE/HYBRID,10,9,41863.5,25,16,210771.7,34.0,18.0,39472.4,5.0,3.0,5399.1,02/08/2019
AGENCY PASS-THRU (SPECIFIED),OTHER,0,0,0,0,0,0,0.0,0.0,0.0,0.0,0.0,0.0,02/08/2019
AGENCY CMO,P&I,150,101,112239.7,191,111,129388.2,254.0,106.0,95771.5,74.0,28.0,82456.9,02/08/2019
AGENCY CMO,IO/PO,28,18,133155.1,10,7,27174.4,6.0,5.0,59505.6,0.0,0.0,0.0,02/08/2019
"AGENCY PASS-THRU (TBA, STIP, $ ROLLS)",SINGLE FAMILY 15Y,1191,17,14735967.7,270,16,12592248.4,0.0,0.0,0.0,0.0,0.0,0.0,02/11/2019
"AGENCY PASS-THRU (TBA, STIP, $ ROLLS)",SINGLE FAMILY 30Y,5160,24,175011822.6,1155,22,43340322,1156.0,27.0,27389344.1,0.0,0.0,0.0,02/11/2019
"AGENCY PASS-THRU (TBA, STIP, $ ROLLS)",OTHER,*,*,*,*,*,*,15.0,9.0,82896.6,0.0,0.0,0.0,02/11/2019
AGENCY PASS-THRU (SPECIFIED),SINGLE FAMILY 15Y,418,278,951418.8,172,106,525746.7,35.0,17.0,42781.4,0.0,0.0,0.0,02/11/2019
AGENCY PASS-THRU (SPECIFIED),SINGLE FAMILY 30Y,1241,684,11932658.3,572,309,8496504.4,564.0,305.0,3244633.1,0.0,0.0,0.0,02/11/2019
AGENCY PASS-THRU (SPECIFIED),ADJUSTABLE/HYBRID,68,54,206822.3,*,*,*,52.0,40.0,20113.5,7.0,5.0,23333.9,02/11/2019
AGENCY PASS-THRU (SPECIFIED),OTHER,0,0,0,0,0,0,0.0,0.0,0.0,0.0,0.0,0.0,02/11/2019
AGENCY CMO,P&I,210,139,277617.7,197,123,248465.6,221.0,120.0,253848.4,32.0,21.0,18506.2,02/11/2019
AGENCY CMO,IO/PO,36,24,230763.6,*,*,*,21.0,16.0,350499.3,0.0,0.0,0.0,02/11/2019
"AGENCY PASS-THRU (TBA, STIP, $ ROLLS)",SINGLE FAMILY 15Y,1350,18,19628217.8,400,13,6853722.4,*,*,*,0.0,0.0,0.0,02/12/2019
"AGENCY PASS-THRU (TBA, STIP, $ ROLLS)",SINGLE FAMILY 30Y,3915,22,123200871.4,420,17,18738818.6,1557,39,58814928.2,0.0,0.0,0.0,02/12/2019
"AGENCY PASS-THRU (TBA, STIP, $ ROLLS)",OTHER,13,8,279121,0,0,0,14,7,54277.8,0.0,0.0,0.0,02/12/2019
AGENCY PASS-THRU (SPECIFIED),SINGLE FAMILY 15Y,432,242,702798.9,243,129,950452.9,99,41,141478.6,0.0,0.0,0.0,02/12/2019
AGENCY PASS-THRU (SPECIFIED),SINGLE FAMILY 30Y,802,486,3663300.5,414,218,2862528,1032,616,2631873.4,0.0,0.0,0.0,02/12/2019
AGENCY PASS-THRU (SPECIFIED),ADJUSTABLE/HYBRID,75,57,75311.2,36,18,26368.7,60,45,63888.5,10.0,10.0,6358.9,02/12/2019
AGENCY PASS-THRU (SPECIFIED),OTHER,0,0,0,0,0,0,0,0,0,0.0,0.0,0.0,02/12/2019
AGENCY CMO,P&I,350,179,259745.2,270,155,262579.5,423,179,148219.1,67.0,31.0,89998.6,02/12/2019
AGENCY CMO,IO/PO,56,23,449412.3,41,17,253520.3,58,39,853571.1,7.0,3.0,11460.1,02/12/2019
"AGENCY PASS-THRU (TBA, STIP, $ ROLLS)",SINGLE FAMILY 15Y,1640,17,26317357.9,424,13,8375178.2,*,*,*,0.0,0.0,0.0,02/13/2019
"AGENCY PASS-THRU (TBA, STIP, $ ROLLS)",SINGLE FAMILY 30Y,4567,24,111692274.3,403,17,12044493.1,1864,36,66844147.7,0.0,0.0,0.0,02/13/2019
"AGENCY PASS-THRU (TBA, STIP, $ ROLLS)",OTHER,22,8,737773,*,*,*,16,7,250042.8,0.0,0.0,0.0,02/13/2019
AGENCY PASS-THRU (SPECIFIED),SINGLE FAMILY 15Y,772,540,1890495.8,195,120,339806.6,77,58,120217.6,0.0,0.0,0.0,02/13/2019
AGENCY PASS-THRU (SPECIFIED),SINGLE FAMILY 30Y,989,534,4730487.2,415,212,1658277.1,1686,1192,5197627.4,0.0,0.0,0.0,02/13/2019
AGENCY PASS-THRU (SPECIFIED),ADJUSTABLE/HYBRID,54,28,357031.5,69,47,74321.5,53,28,48578.5,19.0,15.0,14220.0,02/13/2019
AGENCY PASS-THRU (SPECIFIED),OTHER,0,0,0,0,0,0,0,0,0,0.0,0.0,0.0,02/13/2019
AGENCY CMO,P&I,226,130,156542.7,186,116,200807.1,395,159,289923.7,23.0,18.0,64635.5,02/13/2019
AGENCY CMO,IO/PO,17,15,403569,33,10,336514,31,29,484025.2,0.0,0.0,0.0,02/13/2019
"AGENCY PASS-THRU (TBA, STIP, $ ROLLS)",SINGLE FAMILY 15Y,1557,18,27997060.1,565,11,9638718.1,0.0,0.0,0.0,0.0,0.0,0.0,02/14/2019
"AGENCY PASS-THRU (TBA, STIP, $ ROLLS)",SINGLE FAMILY 30Y,3596,18,72976248.4,380,18,17719348.5,2622.0,38.0,86547207.9,0.0,0.0,0.0,02/14/2019
"AGENCY PASS-THRU (TBA, STIP, $ ROLLS)",OTHER,29,14,640785.2,0,0,0,21.0,7.0,134317.4,0.0,0.0,0.0,02/14/2019
AGENCY PASS-THRU (SPECIFIED),SINGLE FAMILY 15Y,536,333,1899536.1,185,98,1195925.2,52.0,19.0,43690.3,0.0,0.0,0.0,02/14/2019
AGENCY PASS-THRU (SPECIFIED),SINGLE FAMILY 30Y,982,550,2143816.1,391,199,1595033.2,1306.0,800.0,9015857.5,0.0,0.0,0.0,02/14/2019
AGENCY PASS-THRU (SPECIFIED),ADJUSTABLE/HYBRID,65,36,93617,59,29,41825.2,305.0,160.0,85895.4,8.0,8.0,1613.9,02/14/2019
AGENCY PASS-THRU (SPECIFIED),OTHER,0,0,0,0,0,0,0.0,0.0,0.0,0.0,0.0,0.0,02/14/2019
AGENCY CMO,P&I,282,174,153457.9,230,164,172505,311.0,187.0,317400.6,16.0,15.0,25158.7,02/14/2019
AGENCY CMO,IO/PO,35,17,387273.4,12,8,134188.3,46.0,31.0,250656.3,5.0,4.0,10193.6,02/14/2019
"AGENCY PASS-THRU (TBA, STIP, $ ROLLS)",SINGLE FAMILY 15Y,604,11,7129887.7,70,10,699087.6,0.0,0.0,0.0,0.0,0.0,0.0,02/15/2019
"AGENCY PASS-THRU (TBA, STIP, $ ROLLS)",SINGLE FAMILY 30Y,3097,20,73019113.2,175,17,2953295.1,3397.0,41.0,60807345.0,0.0,0.0,0.0,02/15/2019
"AGENCY PASS-THRU (TBA, STIP, $ ROLLS)",OTHER,11,9,123281,*,*,*,47.0,14.0,353432.3,0.0,0.0,0.0,02/15/2019
AGENCY PASS-THRU (SPECIFIED),SINGLE FAMILY 15Y,319,193,530909.2,94,62,540399.4,22.0,16.0,9275.1,0.0,0.0,0.0,02/15/2019
AGENCY PASS-THRU (SPECIFIED),SINGLE FAMILY 30Y,886,482,2122855.9,489,227,774491.6,2615.0,2028.0,6988000.1,0.0,0.0,0.0,02/15/2019
AGENCY PASS-THRU (SPECIFIED),ADJUSTABLE/HYBRID,34,31,158307.2,7,4,18425.8,15.0,13.0,44105.6,25.0,9.0,10420.6,02/15/2019
AGENCY PASS-THRU (SPECIFIED),OTHER,0,0,0,0,0,0,0.0,0.0,0.0,0.0,0.0,0.0,02/15/2019
AGENCY CMO,P&I,176,106,209929.7,164,107,373190.3,254.0,133.0,478344.0,7.0,7.0,29184.3,02/15/2019
AGENCY CMO,IO/PO,11,7,134021.3,6,4,123981.5,12.0,9.0,76082.8,0.0,0.0,0.0,02/15/2019
"AGENCY PASS-THRU (TBA, STIP, $ ROLLS)",SINGLE FAMILY 15Y,1092,12,12936231.1,58,7,593887,0.0,0.0,0.0,0.0,0.0,0.0,02/19/2019
"AGENCY PASS-THRU (TBA, STIP, $ ROLLS)",SINGLE FAMILY 30Y,3771,22,82793076.1,245,16,9060033.7,3174.0,37.0,49492706.3,0.0,0.0,0.0,02/19/2019
"AGENCY PASS-THRU (TBA, STIP, $ ROLLS)",OTHER,21,12,287526.7,*,*,*,22.0,12.0,140402.6,0.0,0.0,0.0,02/19/2019
AGENCY PASS-THRU (SPECIFIED),SINGLE FAMILY 15Y,252,185,1458279.4,100,61,190955,22.0,14.0,5740.9,0.0,0.0,0.0,02/19/2019
AGENCY PASS-THRU (SPECIFIED),SINGLE FAMILY 30Y,1031,575,3874410.6,476,237,1008327.9,635.0,302.0,6092547.6,0.0,0.0,0.0,02/19/2019
AGENCY PASS-THRU (SPECIFIED),ADJUSTABLE/HYBRID,39,34,202845.4,22,16,217215.1,61.0,35.0,54926.9,5.0,4.0,9380.7,02/19/2019
AGENCY PASS-THRU (SPECIFIED),OTHER,0,0,0,0,0,0,0.0,0.0,0.0,0.0,0.0,0.0,02/19/2019
AGENCY CMO,P&I,313,169,262913.9,255,157,236870,309.0,151.0,126105.6,12.0,9.0,24896.4,02/19/2019
AGENCY CMO,IO/PO,29,24,84564.3,39,26,406790.3,28.0,18.0,293156.3,0.0,0.0,0.0,02/19/2019
"AGENCY PASS-THRU (TBA, STIP, $ ROLLS)",SINGLE FAMILY 15Y,984,17,11824210.9,79,12,1100970,0.0,0.0,0.0,0,0,0,02/20/2019
"AGENCY PASS-THRU (TBA, STIP, $ ROLLS)",SINGLE FAMILY 30Y,4492,20,115488834.7,272,19,14724841,1367.0,31.0,28742758.5,0,0,0,02/20/2019
"AGENCY PASS-THRU (TBA, STIP, $ ROLLS)",OTHER,15,11,113774,*,*,*,20.0,10.0,187428.0,0,0,0,02/20/2019
AGENCY PASS-THRU (SPECIFIED),SINGLE FAMILY 15Y,334,227,955614.6,103,60,471364.2,31.0,13.0,16226.6,0,0,0,02/20/2019
AGENCY PASS-THRU (SPECIFIED),SINGLE FAMILY 30Y,799,496,3548566.8,585,393,3288309,790.0,460.0,3453899.0,0,0,0,02/20/2019
AGENCY PASS-THRU (SPECIFIED),ADJUSTABLE/HYBRID,66,45,351902,19,14,54103.9,41.0,25.0,41720.9,*,*,*,02/20/2019
AGENCY PASS-THRU (SPECIFIED),OTHER,0,0,0,0,0,0,0.0,0.0,0.0,0,0,0,02/20/2019
AGENCY CMO,P&I,283,141,239521.1,273,146,99368.5,352.0,149.0,81708.4,8,8,3022.3,02/20/2019
AGENCY CMO,IO/PO,60,26,253029.4,30,15,239422.9,45.0,28.0,188394.5,8,6,176771.5,02/20/2019
"AGENCY PASS-THRU (TBA, STIP, $ ROLLS)",SINGLE FAMILY 15Y,875,13,6285900.7,59,7,506551.5,0.0,0.0,0.0,0.0,0.0,0.0,02/21/2019
"AGENCY PASS-THRU (TBA, STIP, $ ROLLS)",SINGLE FAMILY 30Y,4532,21,89461314.2,312,17,13954243.1,1301.0,33.0,26267821.1,0.0,0.0,0.0,02/21/2019
"AGENCY PASS-THRU (TBA, STIP, $ ROLLS)",OTHER,12,6,158511.7,*,*,*,29.0,14.0,246355.1,0.0,0.0,0.0,02/21/2019
AGENCY PASS-THRU (SPECIFIED),SINGLE FAMILY 15Y,463,321,846985.2,124,73,319318.5,29.0,14.0,68179.2,0.0,0.0,0.0,02/21/2019
AGENCY PASS-THRU (SPECIFIED),SINGLE FAMILY 30Y,1109,683,6428930.1,488,266,4580563.3,757.0,401.0,3138556.9,0.0,0.0,0.0,02/21/2019
AGENCY PASS-THRU (SPECIFIED),ADJUSTABLE/HYBRID,27,22,74679.5,25,17,73327.3,34.0,25.0,173774.2,9.0,6.0,8944.7,02/21/2019
AGENCY PASS-THRU (SPECIFIED),OTHER,0,0,0,0,0,0,0.0,0.0,0.0,0.0,0.0,0.0,02/21/2019
AGENCY CMO,P&I,224,151,191963.2,252,149,291748.5,265.0,128.0,193639.3,34.0,23.0,29276.3,02/21/2019
AGENCY CMO,IO/PO,27,20,149387.4,20,14,169786.3,57.0,41.0,546041.6,0.0,0.0,0.0,02/21/2019
"AGENCY PASS-THRU (TBA, STIP, $ ROLLS)",SINGLE FAMILY 15Y,652,11,4967861,71,7,938683,0,0,0,0.0,0.0,0.0,02/22/2019
"AGENCY PASS-THRU (TBA, STIP, $ ROLLS)",SINGLE FAMILY 30Y,4039,21,85635995.4,295,17,12480415.2,1032,25,30143945.1,0.0,0.0,0.0,02/22/2019
"AGENCY PASS-THRU (TBA, STIP, $ ROLLS)",OTHER,20,9,268314.9,*,*,*,14,9,64316.2,0.0,0.0,0.0,02/22/2019
AGENCY PASS-THRU (SPECIFIED),SINGLE FAMILY 15Y,313,202,480437.7,189,123,172794.6,*,*,*,0.0,0.0,0.0,02/22/2019
AGENCY PASS-THRU (SPECIFIED),SINGLE FAMILY 30Y,1233,677,3870353.7,572,277,1165233.5,843,656,3271350.1,0.0,0.0,0.0,02/22/2019
AGENCY PASS-THRU (SPECIFIED),ADJUSTABLE/HYBRID,84,79,643380.8,42,37,204794.9,36,23,379991,10.0,10.0,92583.5,02/22/2019
AGENCY PASS-THRU (SPECIFIED),OTHER,0,0,0,0,0,0,0,0,0,0.0,0.0,0.0,02/22/2019
AGENCY CMO,P&I,236,131,64768.4,212,120,234017.4,312,141,442693,30.0,24.0,13796.6,02/22/2019
AGENCY CMO,IO/PO,28,16,59935.7,14,9,187352.8,18,11,229745.1,0.0,0.0,0.0,02/22/2019
"AGENCY PASS-THRU (TBA, STIP, $ ROLLS)",SINGLE FAMILY 15Y,453,14,5267914,40,5,345665,0.0,0.0,0.0,0,0,0,02/25/2019
"AGENCY PASS-THRU (TBA, STIP, $ ROLLS)",SINGLE FAMILY 30Y,3257,21,85680239.1,242,17,17858554.1,894.0,18.0,16640676.3,0,0,0,02/25/2019
"AGENCY PASS-THRU (TBA, STIP, $ ROLLS)",OTHER,20,10,347313,*,*,*,13.0,8.0,177525.4,0,0,0,02/25/2019
AGENCY PASS-THRU (SPECIFIED),SINGLE FAMILY 15Y,237,178,733577.4,115,66,160998.6,43.0,25.0,3152.1,0,0,0,02/25/2019
AGENCY PASS-THRU (SPECIFIED),SINGLE FAMILY 30Y,717,418,2280475.5,612,412,2572442.2,834.0,511.0,851841.3,0,0,0,02/25/2019
AGENCY PASS-THRU (SPECIFIED),ADJUSTABLE/HYBRID,37,21,42784.5,11,8,23957.1,48.0,31.0,46513.4,*,*,*,02/25/2019
AGENCY PASS-THRU (SPECIFIED),OTHER,0,0,0,0,0,0,0.0,0.0,0.0,0,0,0,02/25/2019
AGENCY CMO,P&I,342,154,137406.8,212,132,217917.8,317.0,143.0,70194.7,8,6,1546.3,02/25/2019
AGENCY CMO,IO/PO,39,16,196771.7,10,6,58310.9,12.0,7.0,18419.9,*,*,*,02/25/2019
"AGENCY PASS-THRU (TBA, STIP, $ ROLLS)",SINGLE FAMILY 15Y,647,12,7390426.5,48,9,900169.6,0.0,0.0,0.0,0.0,0.0,0.0,02/26/2019
"AGENCY PASS-THRU (TBA, STIP, $ ROLLS)",SINGLE FAMILY 30Y,4208,21,112940212.3,388,18,16762064.6,1236.0,27.0,39674767.8,0.0,0.0,0.0,02/26/2019
"AGENCY PASS-THRU (TBA, STIP, $ ROLLS)",OTHER,31,10,1786474,*,*,*,10.0,3.0,66666.0,0.0,0.0,0.0,02/26/2019
AGENCY PASS-THRU (SPECIFIED),SINGLE FAMILY 15Y,662,477,1121883.7,103,63,114792.6,78.0,49.0,6787.1,0.0,0.0,0.0,02/26/2019
AGENCY PASS-THRU (SPECIFIED),SINGLE FAMILY 30Y,1136,753,4457788.3,619,348,1423856.1,2239.0,1242.0,3502835.4,0.0,0.0,0.0,02/26/2019
AGENCY PASS-THRU (SPECIFIED),ADJUSTABLE/HYBRID,42,28,135437.9,6,4,13387.5,28.0,23.0,74179.5,0.0,0.0,0.0,02/26/2019
AGENCY PASS-THRU (SPECIFIED),OTHER,0,0,0,0,0,0,0.0,0.0,0.0,0.0,0.0,0.0,02/26/2019
AGENCY CMO,P&I,375,158,608897,265,140,312300.1,326.0,150.0,155414.2,22.0,20.0,15002.1,02/26/2019
AGENCY CMO,IO/PO,23,15,156289.2,17,11,137658.5,35.0,20.0,182001.9,0.0,0.0,0.0,02/26/2019
"AGENCY PASS-THRU (TBA, STIP, $ ROLLS)",SINGLE FAMILY 15Y,978,14,9307930.8,45,5,1300137.4,0.0,0.0,0.0,0.0,0.0,0.0,02/27/2019
"AGENCY PASS-THRU (TBA, STIP, $ ROLLS)",SINGLE FAMILY 30Y,4513,21,135490689,489,14,19562208,1268.0,28.0,28020989.0,0.0,0.0,0.0,02/27/2019
"AGENCY PASS-THRU (TBA, STIP, $ ROLLS)",OTHER,15,7,457932,*,*,*,28.0,13.0,117568.0,0.0,0.0,0.0,02/27/2019
AGENCY PASS-THRU (SPECIFIED),SINGLE FAMILY 15Y,574,466,1268580.6,101,68,143308.2,31.0,22.0,4080.7,0.0,0.0,0.0,02/27/2019
AGENCY PASS-THRU (SPECIFIED),SINGLE FAMILY 30Y,896,540,2379537.8,475,241,3390789.2,797.0,463.0,1238625.5,0.0,0.0,0.0,02/27/2019
AGENCY PASS-THRU (SPECIFIED),ADJUSTABLE/HYBRID,43,27,162811.6,16,13,33124.5,12.0,8.0,16333.4,10.0,10.0,115767.9,02/27/2019
AGENCY PASS-THRU (SPECIFIED),OTHER,0,0,0,0,0,0,0.0,0.0,0.0,0.0,0.0,0.0,02/27/2019
AGENCY CMO,P&I,251,117,135126.9,260,128,392994.6,449.0,187.0,677292.4,29.0,25.0,13444.7,02/27/2019
AGENCY CMO,IO/PO,18,13,245063.9,19,14,309052.1,34.0,23.0,608882.6,0.0,0.0,0.0,02/27/2019
"AGENCY PASS-THRU (TBA, STIP, $ ROLLS)",SINGLE FAMILY 15Y,1124,13,8846816,96,11,879412.1,0.0,0.0,0.0,0.0,0.0,0.0,02/28/2019
"AGENCY PASS-THRU (TBA, STIP, $ ROLLS)",SINGLE FAMILY 30Y,6206,25,140315529.2,531,19,15457016.2,1485.0,30.0,44127180.0,0.0,0.0,0.0,02/28/2019
"AGENCY PASS-THRU (TBA, STIP, $ ROLLS)",OTHER,14,11,94054.8,*,*,*,13.0,6.0,115312.1,0.0,0.0,0.0,02/28/2019
AGENCY PASS-THRU (SPECIFIED),SINGLE FAMILY 15Y,415,309,1045760.1,133,104,288237.7,14.0,10.0,29132.1,0.0,0.0,0.0,02/28/2019
AGENCY PASS-THRU (SPECIFIED),SINGLE FAMILY 30Y,747,421,4713607.2,361,178,1984973.6,846.0,468.0,1326515.7,0.0,0.0,0.0,02/28/2019
AGENCY PASS-THRU (SPECIFIED),ADJUSTABLE/HYBRID,20,15,80835.3,35,32,30753.8,23.0,23.0,3238.5,6.0,2.0,11162.9,02/28/2019
AGENCY PASS-THRU (SPECIFIED),OTHER,0,0,0,0,0,0,0.0,0.0,0.0,0.0,0.0,0.0,02/28/2019
AGENCY CMO,P&I,334,168,218044.1,318,164,207359.7,402.0,185.0,93906.9,9.0,8.0,11443.1,02/28/2019
AGENCY CMO,IO/PO,32,15,204396.6,57,23,254240.8,31.0,18.0,275097.5,0.0,0.0,0.0,02/28/2019
"AGENCY PASS-THRU (TBA, STIP, $ ROLLS)",SINGLE FAMILY 15Y,1195,13,14067733.1,66,9,587399.5,0.0,0.0,0.0,0,0,0,03/01/2019
"AGENCY PASS-THRU (TBA, STIP, $ ROLLS)",SINGLE FAMILY 30Y,5073,23,175266120.2,350,15,11906389.7,1396.0,29.0,34007211.4,0,0,0,03/01/2019
"AGENCY PASS-THRU (TBA, STIP, $ ROLLS)",OTHER,31,9,934108.7,*,*,*,13.0,6.0,82808.8,0,0,0,03/01/2019
AGENCY PASS-THRU (SPECIFIED),SINGLE FAMILY 15Y,511,259,1576787.4,132,63,228746.8,22.0,10.0,30191.4,0,0,0,03/01/2019
AGENCY PASS-THRU (SPECIFIED),SINGLE FAMILY 30Y,1012,502,4706845.8,411,219,3323615.4,557.0,273.0,3914925.2,0,0,0,03/01/2019
AGENCY PASS-THRU (SPECIFIED),ADJUSTABLE/HYBRID,11,9,10889,9,7,63430.7,13.0,8.0,10282.3,*,*,*,03/01/2019
AGENCY PASS-THRU (SPECIFIED),OTHER,0,0,0,0,0,0,0.0,0.0,0.0,0,0,0,03/01/2019
AGENCY CMO,P&I,234,127,227020.3,241,143,595321.5,231.0,115.0,240772.6,7,7,102232.1,03/01/2019
AGENCY CMO,IO/PO,27,15,44603.5,12,6,173581.1,15.0,11.0,445076.6,*,*,*,03/01/2019
"AGENCY PASS-THRU (TBA, STIP, $ ROLLS)",SINGLE FAMILY 15Y,421,12,8364187.5,55,7,264377.8,0.0,0.0,0.0,0,0,0,03/04/2019
"AGENCY PASS-THRU (TBA, STIP, $ ROLLS)",SINGLE FAMILY 30Y,3556,21,99682953,313,17,14000143.8,1174.0,24.0,32071205.3,0,0,0,03/04/2019
"AGENCY PASS-THRU (TBA, STIP, $ ROLLS)",OTHER,23,11,392505,8,5,37862,17.0,10.0,82498.4,0,0,0,03/04/2019
AGENCY PASS-THRU (SPECIFIED),SINGLE FAMILY 15Y,260,156,603013.2,118,58,194634.5,23.0,8.0,7969.5,0,0,0,03/04/2019
AGENCY PASS-THRU (SPECIFIED),SINGLE FAMILY 30Y,561,342,1469062.8,384,187,1664035.5,599.0,303.0,4464093.7,0,0,0,03/04/2019
AGENCY PASS-THRU (SPECIFIED),ADJUSTABLE/HYBRID,12,9,352362.5,7,5,14379.7,18.0,10.0,47852.1,14,7,17865.1,03/04/2019
AGENCY PASS-THRU (SPECIFIED),OTHER,0,0,0,0,0,0,0.0,0.0,0.0,0,0,0,03/04/2019
AGENCY CMO,P&I,232,148,434305.9,292,158,457532.5,284.0,137.0,223645.7,7,5,62448.9,03/04/2019
AGENCY CMO,IO/PO,11,9,63897.3,5,4,31713.1,33.0,17.0,120933.2,*,*,*,03/04/2019
"AGENCY PASS-THRU (TBA, STIP, $ ROLLS)",SINGLE FAMILY 15Y,908,13,8609262.5,91,9,669165,0.0,0.0,0.0,0.0,0.0,0.0,03/05/2019
"AGENCY PASS-THRU (TBA, STIP, $ ROLLS)",SINGLE FAMILY 30Y,4814,26,234797582.3,836,21,37458240.7,1567.0,27.0,60838686.3,0.0,0.0,0.0,03/05/2019
"AGENCY PASS-THRU (TBA, STIP, $ ROLLS)",OTHER,21,11,228893,*,*,*,15.0,8.0,64639.8,0.0,0.0,0.0,03/05/2019
AGENCY PASS-THRU (SPECIFIED),SINGLE FAMILY 15Y,255,150,674890.3,79,40,175327.4,29.0,14.0,17484.0,0.0,0.0,0.0,03/05/2019
AGENCY PASS-THRU (SPECIFIED),SINGLE FAMILY 30Y,874,512,8695120.4,541,321,3818489.9,608.0,314.0,6382053.7,0.0,0.0,0.0,03/05/2019
AGENCY PASS-THRU (SPECIFIED),ADJUSTABLE/HYBRID,18,13,261734.6,13,8,173877.2,6.0,2.0,19329.6,58.0,53.0,12949.9,03/05/2019
AGENCY PASS-THRU (SPECIFIED),OTHER,0,0,0,0,0,0,0.0,0.0,0.0,0.0,0.0,0.0,03/05/2019
AGENCY CMO,P&I,292,152,341911.2,259,135,489468.1,293.0,147.0,283804.6,21.0,13.0,51351.2,03/05/2019
AGENCY CMO,IO/PO,23,14,243941.7,54,27,206359.9,19.0,14.0,249082.8,0.0,0.0,0.0,03/05/2019
"AGENCY PASS-THRU (TBA, STIP, $ ROLLS)",SINGLE FAMILY 15Y,1372,16,30437651,148,12,1698194.1,0.0,0.0,0.0,0.0,0.0,0.0,03/06/2019
"AGENCY PASS-THRU (TBA, STIP, $ ROLLS)",SINGLE FAMILY 30Y,5863,26,264758521.8,909,24,48634322,1412.0,31.0,33550157.9,0.0,0.0,0.0,03/06/2019
"AGENCY PASS-THRU (TBA, STIP, $ ROLLS)",OTHER,19,7,496482,*,*,*,38.0,12.0,211852.7,0.0,0.0,0.0,03/06/2019
AGENCY PASS-THRU (SPECIFIED),SINGLE FAMILY 15Y,344,230,1001146.3,115,80,369830.9,16.0,8.0,26723.9,0.0,0.0,0.0,03/06/2019
AGENCY PASS-THRU (SPECIFIED),SINGLE FAMILY 30Y,1018,671,7668377.9,550,315,5765140.4,681.0,337.0,6486713.2,0.0,0.0,0.0,03/06/2019
AGENCY PASS-THRU (SPECIFIED),ADJUSTABLE/HYBRID,57,32,110992.1,39,20,52996.5,53.0,27.0,26560.3,28.0,26.0,7003.0,03/06/2019
AGENCY PASS-THRU (SPECIFIED),OTHER,0,0,0,0,0,0,0.0,0.0,0.0,0.0,0.0,0.0,03/06/2019
AGENCY CMO,P&I,283,165,381730.4,187,112,262353.7,291.0,133.0,529171.0,24.0,18.0,74190.8,03/06/2019
AGENCY CMO,IO/PO,15,11,75154,15,13,124968.2,27.0,17.0,275281.6,0.0,0.0,0.0,03/06/2019
"AGENCY PASS-THRU (TBA, STIP, $ ROLLS)",SINGLE FAMILY 15Y,1239,14,13944872.3,137,11,1888170.6,0,0,0,0,0,0,03/07/2019
"AGENCY PASS-THRU (TBA, STIP, $ ROLLS)",SINGLE FAMILY 30Y,6693,23,340619606,1306,21,66831847.1,1508,27,41253830.3,0,0,0,03/07/2019
"AGENCY PASS-THRU (TBA, STIP, $ ROLLS)",OTHER,17,10,291995.4,0,0,0,16,8,124212,0,0,0,03/07/2019
AGENCY PASS-THRU (SPECIFIED),SINGLE FAMILY 15Y,423,249,854166.9,190,110,416893.1,36,15,62231,0,0,0,03/07/2019
AGENCY PASS-THRU (SPECIFIED),SINGLE FAMILY 30Y,1435,793,9967665.5,1101,604,7793254.8,572,285,8043058.9,0,0,0,03/07/2019
AGENCY PASS-THRU (SPECIFIED),ADJUSTABLE/HYBRID,12,11,3205.6,9,7,742.2,*,*,*,18,11,13159.9,03/07/2019
AGENCY PASS-THRU (SPECIFIED),OTHER,0,0,0,0,0,0,0,0,0,0,0,0,03/07/2019
AGENCY CMO,P&I,217,116,187048.3,240,131,171642.9,287,139,328949.2,27,24,37671.7,03/07/2019
AGENCY CMO,IO/PO,33,16,279530.7,19,10,69077.7,16,9,113699.6,*,*,*,03/07/2019
"AGENCY PASS-THRU (TBA, STIP, $ ROLLS)",SINGLE FAMILY 15Y,887,18,13259004.7,103,11,1918643.2,0,0,0,0,0,0,03/08/2019
"AGENCY PASS-THRU (TBA, STIP, $ ROLLS)",SINGLE FAMILY 30Y,6027,23,226204081.7,1018,19,54303712.2,1215,27,28580100.7,0,0,0,03/08/2019
"AGENCY PASS-THRU (TBA, STIP, $ ROLLS)",OTHER,12,6,182603,*,*,*,16,10,209293.4,0,0,0,03/08/2019
AGENCY PASS-THRU (SPECIFIED),SINGLE FAMILY 15Y,295,193,776479.5,99,60,223230.5,47,16,66396.3,0,0,0,03/08/2019
AGENCY PASS-THRU (SPECIFIED),SINGLE FAMILY 30Y,952,574,6017919.1,575,302,4347227.4,890,408,3737215.6,0,0,0,03/08/2019
AGENCY PASS-THRU (SPECIFIED),ADJUSTABLE/HYBRID,20,14,74630.3,8,8,16408.8,15,9,36522.4,8,5,8155.3,03/08/2019
AGENCY PASS-THRU (SPECIFIED),OTHER,0,0,0,0,0,0,0,0,0,0,0,0,03/08/2019
AGENCY CMO,P&I,312,174,441296,283,174,603676.9,312,132,571953.1,13,12,32916.6,03/08/2019
AGENCY CMO,IO/PO,10,8,171327.1,7,6,51021.3,*,*,*,*,*,*,03/08/2019
"AGENCY PASS-THRU (TBA, STIP, $ ROLLS)",SINGLE FAMILY 15Y,1163,18,23370869.2,151,16,7801442.7,0.0,0.0,0.0,0.0,0.0,0.0,03/11/2019
"AGENCY PASS-THRU (TBA, STIP, $ ROLLS)",SINGLE FAMILY 30Y,4629,25,121839415.9,966,21,37771527.5,1353.0,36.0,59674853.6,0.0,0.0,0.0,03/11/2019
"AGENCY PASS-THRU (TBA, STIP, $ ROLLS)",OTHER,11,7,135992,*,*,*,25.0,9.0,65564.3,0.0,0.0,0.0,03/11/2019
AGENCY PASS-THRU (SPECIFIED),SINGLE FAMILY 15Y,373,199,1457982.3,118,62,158664,51.0,12.0,170463.6,0.0,0.0,0.0,03/11/2019
AGENCY PASS-THRU (SPECIFIED),SINGLE FAMILY 30Y,1242,495,9565121.9,683,312,4840708,675.0,362.0,4499302.6,0.0,0.0,0.0,03/11/2019
AGENCY PASS-THRU (SPECIFIED),ADJUSTABLE/HYBRID,28,22,263160,31,17,194796.8,22.0,10.0,33927.7,5.0,3.0,3507.2,03/11/2019
AGENCY PASS-THRU (SPECIFIED),OTHER,0,0,0,0,0,0,0.0,0.0,0.0,0.0,0.0,0.0,03/11/2019
AGENCY CMO,P&I,335,183,326145.1,284,169,640032.3,312.0,145.0,163954.2,9.0,9.0,14228.3,03/11/2019
AGENCY CMO,IO/PO,9,7,152714,11,6,53163.6,19.0,13.0,339046.0,0.0,0.0,0.0,03/11/2019
"AGENCY PASS-THRU (TBA, STIP, $ ROLLS)",SINGLE FAMILY 15Y,1639,15,41025732.4,450,12,8162793.2,*,*,*,0.0,0.0,0.0,03/12/2019
"AGENCY PASS-THRU (TBA, STIP, $ ROLLS)",SINGLE FAMILY 30Y,4107,21,92841359.2,675,12,39762138.1,1868,30,61527493.7,0.0,0.0,0.0,03/12/2019
"AGENCY PASS-THRU (TBA, STIP, $ ROLLS)",OTHER,17,6,338565,0,0,0,41,12,376838.4,0.0,0.0,0.0,03/12/2019
AGENCY PASS-THRU (SPECIFIED),SINGLE FAMILY 15Y,377,270,1228180.3,227,159,818450.7,63,19,93274.2,0.0,0.0,0.0,03/12/2019
AGENCY PASS-THRU (SPECIFIED),SINGLE FAMILY 30Y,717,455,4521319.7,426,235,2542503.3,884,480,5863712.9,0.0,0.0,0.0,03/12/2019
AGENCY PASS-THRU (SPECIFIED),ADJUSTABLE/HYBRID,33,28,47719.9,27,23,32028.2,31,20,60523.2,15.0,12.0,6075.5,03/12/2019
AGENCY PASS-THRU (SPECIFIED),OTHER,0,0,0,0,0,0,0,0,0,0.0,0.0,0.0,03/12/2019
AGENCY CMO,P&I,301,179,472183.4,297,159,210688.7,249,140,154819.1,19.0,18.0,14561.5,03/12/2019
AGENCY CMO,IO/PO,42,25,462672.4,10,7,127229.3,23,18,320740.1,0.0,0.0,0.0,03/12/2019
"AGENCY PASS-THRU (TBA, STIP, $ ROLLS)",SINGLE FAMILY 15Y,1895,18,21558560.3,367,13,8859936.3,0.0,0.0,0.0,0,0,0,03/13/2019
"AGENCY PASS-THRU (TBA, STIP, $ ROLLS)",SINGLE FAMILY 30Y,3826,20,123898265.6,421,12,21267091.2,1785.0,35.0,64860518.9,0,0,0,03/13/2019
"AGENCY PASS-THRU (TBA, STIP, $ ROLLS)",OTHER,16,9,240920.3,0,0,0,14.0,5.0,51340.6,0,0,0,03/13/2019
AGENCY PASS-THRU (SPECIFIED),SINGLE FAMILY 15Y,486,314,1993430.8,151,87,303997.4,72.0,32.0,144800.6,0,0,0,03/13/2019
AGENCY PASS-THRU (SPECIFIED),SINGLE FAMILY 30Y,921,545,6491655.8,609,292,8771817,797.0,451.0,8601860.5,0,0,0,03/13/2019
AGENCY PASS-THRU (SPECIFIED),ADJUSTABLE/HYBRID,115,78,370218.6,53,38,138123.1,87.0,67.0,46009.3,*,*,*,03/13/2019
AGENCY PASS-THRU (SPECIFIED),OTHER,0,0,0,0,0,0,0.0,0.0,0.0,0,0,0,03/13/2019
AGENCY CMO,P&I,212,127,186129.1,188,108,370713.8,224.0,116.0,251962.9,24,15,26515.4,03/13/2019
AGENCY CMO,IO/PO,37,19,103282.4,26,19,218414.2,58.0,33.0,481276.5,0,0,0,03/13/2019
"AGENCY PASS-THRU (TBA, STIP, $ ROLLS)",SINGLE FAMILY 15Y,2052,18,24100008,425,11,8282708.1,0.0,0.0,0.0,0,0,0,03/14/2019
"AGENCY PASS-THRU (TBA, STIP, $ ROLLS)",SINGLE FAMILY 30Y,4160,19,132150268.7,203,12,4408788.5,2185.0,36.0,73812874.9,0,0,0,03/14/2019
"AGENCY PASS-THRU (TBA, STIP, $ ROLLS)",OTHER,16,9,277375.3,0,0,0,28.0,9.0,125023.8,0,0,0,03/14/2019
AGENCY PASS-THRU (SPECIFIED),SINGLE FAMILY 15Y,596,415,1772312.4,233,138,1058717.3,30.0,16.0,88686.8,0,0,0,03/14/2019
AGENCY PASS-THRU (SPECIFIED),SINGLE FAMILY 30Y,1215,676,3133832.6,545,308,3248971.4,643.0,280.0,9857304.6,0,0,0,03/14/2019
AGENCY PASS-THRU (SPECIFIED),ADJUSTABLE/HYBRID,13,8,59141,*,*,*,317.0,292.0,50424.6,11,8,8441.8,03/14/2019
AGENCY PASS-THRU (SPECIFIED),OTHER,0,0,0,0,0,0,0.0,0.0,0.0,0,0,0,03/14/2019
AGENCY CMO,P&I,306,164,448178.7,294,194,456497.6,416.0,112.0,140071.7,26,21,51562.9,03/14/2019
AGENCY CMO,IO/PO,70,32,185389.9,31,16,85543.4,31.0,19.0,434189.8,*,*,*,03/14/2019
"AGENCY PASS-THRU (TBA, STIP, $ ROLLS)",SINGLE FAMILY 15Y,537,13,6043791,62,7,1007898.8,0.0,0.0,0.0,0.0,0.0,0.0,03/15/2019
"AGENCY PASS-THRU (TBA, STIP, $ ROLLS)",SINGLE FAMILY 30Y,3261,19,86457762.1,241,14,8489015.9,2150.0,37.0,58183331.5,0.0,0.0,0.0,03/15/2019
"AGENCY PASS-THRU (TBA, STIP, $ ROLLS)",OTHER,15,6,193324,0,0,0,34.0,10.0,327512.4,0.0,0.0,0.0,03/15/2019
AGENCY PASS-THRU (SPECIFIED),SINGLE FAMILY 15Y,264,195,515518.2,134,70,104379.8,29.0,17.0,39922.4,0.0,0.0,0.0,03/15/2019
AGENCY PASS-THRU (SPECIFIED),SINGLE FAMILY 30Y,978,526,4433881,483,231,1221671.4,1029.0,514.0,6204115.0,0.0,0.0,0.0,03/15/2019
AGENCY PASS-THRU (SPECIFIED),ADJUSTABLE/HYBRID,68,47,204243.4,84,55,95654.7,31.0,20.0,57163.3,12.0,6.0,3595.8,03/15/2019
AGENCY PASS-THRU (SPECIFIED),OTHER,0,0,0,0,0,0,0.0,0.0,0.0,0.0,0.0,0.0,03/15/2019
AGENCY CMO,P&I,188,117,402885.7,201,123,401410.5,234.0,121.0,486871.1,13.0,11.0,31520.8,03/15/2019
AGENCY CMO,IO/PO,43,22,107173.7,14,9,94366.7,42.0,23.0,177311.7,0.0,0.0,0.0,03/15/2019
"AGENCY PASS-THRU (TBA, STIP, $ ROLLS)",SINGLE FAMILY 15Y,689,12,10105922,41,6,355694,0.0,0.0,0.0,0.0,0.0,0.0,03/18/2019
"AGENCY PASS-THRU (TBA, STIP, $ ROLLS)",SINGLE FAMILY 30Y,3426,20,82912069.6,184,12,4742330,3395.0,38.0,72577752.7,0.0,0.0,0.0,03/18/2019
"AGENCY PASS-THRU (TBA, STIP, $ ROLLS)",OTHER,11,5,200335,0,0,0,14.0,6.0,63815.1,0.0,0.0,0.0,03/18/2019
AGENCY PASS-THRU (SPECIFIED),SINGLE FAMILY 15Y,256,156,621342.2,106,60,107532.5,37.0,15.0,19714.7,0.0,0.0,0.0,03/18/2019
AGENCY PASS-THRU (SPECIFIED),SINGLE FAMILY 30Y,950,515,4092946.9,443,210,1586797,841.0,402.0,7654032.0,0.0,0.0,0.0,03/18/2019
AGENCY PASS-THRU (SPECIFIED),ADJUSTABLE/HYBRID,36,24,106242.3,116,113,107105.4,31.0,28.0,122048.1,6.0,2.0,6799.2,03/18/2019
AGENCY PASS-THRU (SPECIFIED),OTHER,0,0,0,0,0,0,0.0,0.0,0.0,0.0,0.0,0.0,03/18/2019
AGENCY CMO,P&I,324,163,140271.3,355,201,486466.1,287.0,139.0,615945.7,20.0,14.0,90567.2,03/18/2019
AGENCY CMO,IO/PO,33,19,97529.7,16,12,155567.7,18.0,14.0,139332.7,0.0,0.0,0.0,03/18/2019
"AGENCY PASS-THRU (TBA, STIP, $ ROLLS)",SINGLE FAMILY 15Y,620,11,7255646,40,4,442048.9,0.0,0.0,0.0,0.0,0.0,0.0,03/19/2019
"AGENCY PASS-THRU (TBA, STIP, $ ROLLS)",SINGLE FAMILY 30Y,4037,22,100498884.3,235,14,8253169.9,2638.0,39.0,48531200.3,0.0,0.0,0.0,03/19/2019
"AGENCY PASS-THRU (TBA, STIP, $ ROLLS)",OTHER,13,8,144608.5,*,*,*,10.0,8.0,76055.9,0.0,0.0,0.0,03/19/2019
AGENCY PASS-THRU (SPECIFIED),SINGLE FAMILY 15Y,458,322,857997.1,129,86,404032.7,40.0,17.0,16476.0,0.0,0.0,0.0,03/19/2019
AGENCY PASS-THRU (SPECIFIED),SINGLE FAMILY 30Y,1310,767,6316730.4,812,412,2904193.8,931.0,477.0,7889694.1,0.0,0.0,0.0,03/19/2019
AGENCY PASS-THRU (SPECIFIED),ADJUSTABLE/HYBRID,56,36,210424.2,48,31,417301.8,41.0,19.0,29155.9,0.0,0.0,0.0,03/19/2019
AGENCY PASS-THRU (SPECIFIED),OTHER,0,0,0,0,0,0,0.0,0.0,0.0,0.0,0.0,0.0,03/19/2019
AGENCY CMO,P&I,293,168,306585,281,168,362478.3,324.0,177.0,457912.3,28.0,24.0,15294.8,03/19/2019
AGENCY CMO,IO/PO,12,10,128959.8,15,11,90283.3,7.0,5.0,77158.2,0.0,0.0,0.0,03/19/2019
"AGENCY PASS-THRU (TBA, STIP, $ ROLLS)",SINGLE FAMILY 15Y,839,14,8424013.9,78,12,1231192,0.0,0.0,0.0,0.0,0.0,0.0,03/20/2019
"AGENCY PASS-THRU (TBA, STIP, $ ROLLS)",SINGLE FAMILY 30Y,5545,20,138995686,654,24,30902317,1255.0,37.0,37082658.3,0.0,0.0,0.0,03/20/2019
"AGENCY PASS-THRU (TBA, STIP, $ ROLLS)",OTHER,21,11,351564,99,19,6404558.6,12.0,9.0,92287.3,0.0,0.0,0.0,03/20/2019
AGENCY PASS-THRU (SPECIFIED),SINGLE FAMILY 15Y,339,219,559093.2,130,99,111688.2,21.0,15.0,4291.4,0.0,0.0,0.0,03/20/2019
AGENCY PASS-THRU (SPECIFIED),SINGLE FAMILY 30Y,877,567,3012193.4,437,238,2542980,1021.0,451.0,5629600.1,0.0,0.0,0.0,03/20/2019
AGENCY PASS-THRU (SPECIFIED),ADJUSTABLE/HYBRID,38,26,363890.8,32,19,36769.2,30.0,14.0,30241.8,9.0,6.0,23103.5,03/20/2019
AGENCY PASS-THRU (SPECIFIED),OTHER,0,0,0,0,0,0,0.0,0.0,0.0,0.0,0.0,0.0,03/20/2019
AGENCY CMO,P&I,293,180,172224.5,274,167,487862.4,402.0,198.0,108060.5,29.0,18.0,49660.6,03/20/2019
AGENCY CMO,IO/PO,48,26,164864.8,29,18,99144.7,54.0,13.0,151283.7,0.0,0.0,0.0,03/20/2019
"AGENCY PASS-THRU (TBA, STIP, $ ROLLS)",SINGLE FAMILY 15Y,720,11,4663095,46,8,201606,0.0,0.0,0.0,0.0,0.0,0.0,03/21/2019
"AGENCY PASS-THRU (TBA, STIP, $ ROLLS)",SINGLE FAMILY 30Y,5414,18,165178998.6,281,18,8169319.5,1291.0,27.0,29178886.4,0.0,0.0,0.0,03/21/2019
"AGENCY PASS-THRU (TBA, STIP, $ ROLLS)",OTHER,16,10,472178.4,0,0,0,23.0,10.0,173201.5,0.0,0.0,0.0,03/21/2019
AGENCY PASS-THRU (SPECIFIED),SINGLE FAMILY 15Y,445,316,443195.1,175,114,165286.5,28.0,19.0,17733.4,0.0,0.0,0.0,03/21/2019
AGENCY PASS-THRU (SPECIFIED),SINGLE FAMILY 30Y,1206,820,8220678.3,705,392,5127967.6,955.0,609.0,5253958.7,0.0,0.0,0.0,03/21/2019
AGENCY PASS-THRU (SPECIFIED),ADJUSTABLE/HYBRID,32,21,211926.3,32,20,143295.7,30.0,15.0,14074.3,13.0,9.0,39186.3,03/21/2019
AGENCY PASS-THRU (SPECIFIED),OTHER,0,0,0,0,0,0,0.0,0.0,0.0,0.0,0.0,0.0,03/21/2019
AGENCY CMO,P&I,351,199,416083.6,390,210,381455.6,377.0,190.0,373344.4,21.0,18.0,183917.0,03/21/2019
AGENCY CMO,IO/PO,18,11,108235.1,5,3,23869,19.0,8.0,2018.6,0.0,0.0,0.0,03/21/2019
"AGENCY PASS-THRU (TBA, STIP, $ ROLLS)",SINGLE FAMILY 15Y,637,12,7973255.5,62,7,505450,0.0,0.0,0.0,0.0,0.0,0.0,03/22/2019
"AGENCY PASS-THRU (TBA, STIP, $ ROLLS)",SINGLE FAMILY 30Y,6356,20,180817932.2,189,13,4869451.3,1405.0,27.0,30565127.6,0.0,0.0,0.0,03/22/2019
"AGENCY PASS-THRU (TBA, STIP, $ ROLLS)",OTHER,22,8,497810,0,0,0,28.0,12.0,271054.2,0.0,0.0,0.0,03/22/2019
AGENCY PASS-THRU (SPECIFIED),SINGLE FAMILY 15Y,308,208,1212502.9,148,86,370283.6,23.0,17.0,15460.6,0.0,0.0,0.0,03/22/2019
AGENCY PASS-THRU (SPECIFIED),SINGLE FAMILY 30Y,1256,828,4858117.5,694,402,1587875.7,777.0,480.0,3922293.9,0.0,0.0,0.0,03/22/2019
AGENCY PASS-THRU (SPECIFIED),ADJUSTABLE/HYBRID,37,30,165431.5,25,14,148231.3,35.0,34.0,219590.6,16.0,15.0,7798.5,03/22/2019
AGENCY PASS-THRU (SPECIFIED),OTHER,0,0,0,0,0,0,0.0,0.0,0.0,0.0,0.0,0.0,03/22/2019
AGENCY CMO,P&I,317,164,228921.9,249,143,369477.5,328.0,180.0,420830.8,13.0,10.0,79972.3,03/22/2019
AGENCY CMO,IO/PO,30,21,229401,21,14,73302.7,30.0,15.0,307963.0,0.0,0.0,0.0,03/22/2019
"AGENCY PASS-THRU (TBA, STIP, $ ROLLS)",SINGLE FAMILY 15Y,975,13,9171297,45,6,469743,0.0,0.0,0.0,0.0,0.0,0.0,03/25/2019
"AGENCY PASS-THRU (TBA, STIP, $ ROLLS)",SINGLE FAMILY 30Y,6487,23,196321382,204,13,5831111.7,1245.0,22.0,46897648.2,0.0,0.0,0.0,03/25/2019
"AGENCY PASS-THRU (TBA, STIP, $ ROLLS)",OTHER,*,*,*,0,0,0,13.0,8.0,207842.6,0.0,0.0,0.0,03/25/2019
AGENCY PASS-THRU (SPECIFIED),SINGLE FAMILY 15Y,369,219,2236748.2,110,62,319737.9,14.0,12.0,2329.8,0.0,0.0,0.0,03/25/2019
AGENCY PASS-THRU (SPECIFIED),SINGLE FAMILY 30Y,841,496,5396740.2,385,221,1950117.6,1020.0,621.0,3427400.9,0.0,0.0,0.0,03/25/2019
AGENCY PASS-THRU (SPECIFIED),ADJUSTABLE/HYBRID,49,43,45858.7,43,33,29455.8,26.0,17.0,20190.9,11.0,7.0,3306.5,03/25/2019
AGENCY PASS-THRU (SPECIFIED),OTHER,0,0,0,0,0,0,0.0,0.0,0.0,0.0,0.0,0.0,03/25/2019
AGENCY CMO,P&I,402,175,186826.3,312,156,316847.3,342.0,144.0,68238.5,53.0,49.0,101712.6,03/25/2019
AGENCY CMO,IO/PO,21,10,42266.7,6,5,3228.9,15.0,15.0,139280.6,0.0,0.0,0.0,03/25/2019
"AGENCY PASS-THRU (TBA, STIP, $ ROLLS)",SINGLE FAMILY 15Y,884,12,12218031.7,50,6,416447.5,0.0,0.0,0.0,0.0,0.0,0.0,03/26/2019
"AGENCY PASS-THRU (TBA, STIP, $ ROLLS)",SINGLE FAMILY 30Y,7907,20,196410879.6,291,16,12720442,1347.0,21.0,38753631.5,0.0,0.0,0.0,03/26/2019
"AGENCY PASS-THRU (TBA, STIP, $ ROLLS)",OTHER,14,5,173921,0,0,0,20.0,11.0,73189.7,0.0,0.0,0.0,03/26/2019
AGENCY PASS-THRU (SPECIFIED),SINGLE FAMILY 15Y,424,238,1687979.5,189,112,328289.3,11.0,7.0,1297.5,0.0,0.0,0.0,03/26/2019
AGENCY PASS-THRU (SPECIFIED),SINGLE FAMILY 30Y,1261,735,6330911.2,700,348,2612060.8,657.0,313.0,4321846.6,0.0,0.0,0.0,03/26/2019
AGENCY PASS-THRU (SPECIFIED),ADJUSTABLE/HYBRID,34,27,89317.7,40,37,68174.3,25.0,17.0,106036.3,11.0,6.0,28075.0,03/26/2019
AGENCY PASS-THRU (SPECIFIED),OTHER,0,0,0,0,0,0,0.0,0.0,0.0,0.0,0.0,0.0,03/26/2019
AGENCY CMO,P&I,398,209,181562.3,373,199,423609.7,304.0,150.0,144629.7,29.0,21.0,33818.7,03/26/2019
AGENCY CMO,IO/PO,64,32,267058.9,30,18,88654.5,32.0,18.0,56043.8,0.0,0.0,0.0,03/26/2019
"AGENCY PASS-THRU (TBA, STIP, $ ROLLS)",SINGLE FAMILY 15Y,630,12,7006974.4,104,8,1953143.9,0.0,0.0,0.0,0,0,0,03/27/2019
"AGENCY PASS-THRU (TBA, STIP, $ ROLLS)",SINGLE FAMILY 30Y,8719,22,182918198.7,259,11,7859924,1365.0,27.0,32884434.5,0,0,0,03/27/2019
"AGENCY PASS-THRU (TBA, STIP, $ ROLLS)",OTHER,40,12,819151.2,0,0,0,13.0,10.0,116026.7,0,0,0,03/27/2019
AGENCY PASS-THRU (SPECIFIED),SINGLE FAMILY 15Y,360,226,544579,215,137,1164027.9,22.0,15.0,14372.2,0,0,0,03/27/2019
AGENCY PASS-THRU (SPECIFIED),SINGLE FAMILY 30Y,934,533,8017461.1,770,386,2692541,602.0,335.0,4442097.9,0,0,0,03/27/2019
AGENCY PASS-THRU (SPECIFIED),ADJUSTABLE/HYBRID,35,27,167591.9,32,27,222580.6,26.0,22.0,66442.5,24,18,40762.2,03/27/2019
AGENCY PASS-THRU (SPECIFIED),OTHER,0,0,0,0,0,0,0.0,0.0,0.0,0,0,0,03/27/2019
AGENCY CMO,P&I,477,222,227111.6,338,180,309124.8,378.0,163.0,289560.5,30,24,176985,03/27/2019
AGENCY CMO,IO/PO,46,25,309542.4,35,18,230891.9,36.0,24.0,376584.1,*,*,*,03/27/2019
"AGENCY PASS-THRU (TBA, STIP, $ ROLLS)",SINGLE FAMILY 15Y,704,13,10922287,53,9,524184.6,0,0,0,0,0,0,03/28/2019
"AGENCY PASS-THRU (TBA, STIP, $ ROLLS)",SINGLE FAMILY 30Y,6760,19,222818098.8,229,11,7672938.7,1425,24,23772129.3,0,0,0,03/28/2019
"AGENCY PASS-THRU (TBA, STIP, $ ROLLS)",OTHER,31,12,611076.7,0,0,0,39,10,272519.4,0,0,0,03/28/2019
AGENCY PASS-THRU (SPECIFIED),SINGLE FAMILY 15Y,566,336,1409672.3,204,120,346750.6,33,16,8491.1,0,0,0,03/28/2019
AGENCY PASS-THRU (SPECIFIED),SINGLE FAMILY 30Y,1202,640,4454807.2,1009,592,7032430.2,450,275,4778489.7,0,0,0,03/28/2019
AGENCY PASS-THRU (SPECIFIED),ADJUSTABLE/HYBRID,48,41,45191,12,8,239225.1,*,*,*,19,15,14222,03/28/2019
AGENCY PASS-THRU (SPECIFIED),OTHER,0,0,0,0,0,0,0,0,0,0,0,0,03/28/2019
AGENCY CMO,P&I,348,181,186207.1,423,196,258309.4,354,172,428063.1,31,24,17263.8,03/28/2019
AGENCY CMO,IO/PO,73,28,134433.8,46,18,176413.6,32,19,351653.5,*,*,*,03/28/2019
"AGENCY PASS-THRU (TBA, STIP, $ ROLLS)",SINGLE FAMILY 15Y,851,14,10865788.5,70,10,1369564.5,0.0,0.0,0.0,0.0,0.0,0.0,03/29/2019
"AGENCY PASS-THRU (TBA, STIP, $ ROLLS)",SINGLE FAMILY 30Y,6192,24,154773809.6,427,14,22986038.6,1422.0,32.0,25091595.0,0.0,0.0,0.0,03/29/2019
"AGENCY PASS-THRU (TBA, STIP, $ ROLLS)",OTHER,36,12,628438.7,0,0,0,24.0,6.0,152173.1,0.0,0.0,0.0,03/29/2019
AGENCY PASS-THRU (SPECIFIED),SINGLE FAMILY 15Y,344,259,970974.4,107,91,130941.3,12.0,7.0,319.9,0.0,0.0,0.0,03/29/2019
AGENCY PASS-THRU (SPECIFIED),SINGLE FAMILY 30Y,930,524,8789384.4,419,256,1792087.5,522.0,296.0,2373792.1,0.0,0.0,0.0,03/29/2019
AGENCY PASS-THRU (SPECIFIED),ADJUSTABLE/HYBRID,17,13,27938,5,4,29103.7,5.0,3.0,73948.7,6.0,3.0,13863.9,03/29/2019
AGENCY PASS-THRU (SPECIFIED),OTHER,0,0,0,0,0,0,0.0,0.0,0.0,0.0,0.0,0.0,03/29/2019
AGENCY CMO,P&I,187,120,82944,272,171,286822.6,302.0,138.0,217003.1,23.0,23.0,7579.0,03/29/2019
AGENCY CMO,IO/PO,21,17,142956.6,24,18,77893.2,36.0,12.0,76793.1,0.0,0.0,0.0,03/29/2019
"AGENCY PASS-THRU (TBA, STIP, $ ROLLS)",SINGLE FAMILY 15Y,841,12,12306266,35,7,295740,0.0,0.0,0.0,0,0,0,04/01/2019
"AGENCY PASS-THRU (TBA, STIP, $ ROLLS)",SINGLE FAMILY 30Y,6045,21,207807664.4,252,11,17089256.5,1604.0,27.0,39814768.3,0,0,0,04/01/2019
"AGENCY PASS-THRU (TBA, STIP, $ ROLLS)",OTHER,20,10,342112,0,0,0,14.0,7.0,87553.7,0,0,0,04/01/2019
AGENCY PASS-THRU (SPECIFIED),SINGLE FAMILY 15Y,292,197,1519553.4,112,75,183550,19.0,8.0,20878.6,0,0,0,04/01/2019
AGENCY PASS-THRU (SPECIFIED),SINGLE FAMILY 30Y,826,425,4168537.9,492,234,3623946.9,581.0,285.0,8869463.7,0,0,0,04/01/2019
AGENCY PASS-THRU (SPECIFIED),ADJUSTABLE/HYBRID,22,14,169255.4,7,6,36783.2,24.0,18.0,200192.2,*,*,*,04/01/2019
AGENCY PASS-THRU (SPECIFIED),OTHER,0,0,0,0,0,0,0.0,0.0,0.0,0,0,0,04/01/2019
AGENCY CMO,P&I,226,121,71975.2,248,140,197133.8,306.0,154.0,1173938.8,24,19,42305.3,04/01/2019
AGENCY CMO,IO/PO,16,11,138852.1,*,*,*,12.0,8.0,241778.0,0,0,0,04/01/2019
"AGENCY PASS-THRU (TBA, STIP, $ ROLLS)",SINGLE FAMILY 15Y,1017,14,11723477.3,55,10,744105,0.0,0.0,0.0,0.0,0.0,0.0,04/02/2019
"AGENCY PASS-THRU (TBA, STIP, $ ROLLS)",SINGLE FAMILY 30Y,6245,25,264337026.2,570,11,43036110.6,1508.0,28.0,49879090.4,0.0,0.0,0.0,04/02/2019
"AGENCY PASS-THRU (TBA, STIP, $ ROLLS)",OTHER,25,9,484075,0,0,0,17.0,9.0,120127.6,0.0,0.0,0.0,04/02/2019
AGENCY PASS-THRU (SPECIFIED),SINGLE FAMILY 15Y,349,204,761482.6,96,72,127318.7,21.0,10.0,18846.5,0.0,0.0,0.0,04/02/2019
AGENCY PASS-THRU (SPECIFIED),SINGLE FAMILY 30Y,820,470,10022853.5,387,207,2806949.6,505.0,275.0,4759291.7,0.0,0.0,0.0,04/02/2019
AGENCY PASS-THRU (SPECIFIED),ADJUSTABLE/HYBRID,200,96,167816.7,21,9,71242.3,54.0,30.0,127627.6,17.0,6.0,24842.6,04/02/2019
AGENCY PASS-THRU (SPECIFIED),OTHER,0,0,0,0,0,0,0.0,0.0,0.0,0.0,0.0,0.0,04/02/2019
AGENCY CMO,P&I,253,151,177275.2,299,160,361299.3,370.0,178.0,447812.6,35.0,31.0,8490.2,04/02/2019
AGENCY CMO,IO/PO,11,7,28270.1,9,6,36544,24.0,18.0,415711.1,0.0,0.0,0.0,04/02/2019
"AGENCY PASS-THRU (TBA, STIP, $ ROLLS)",SINGLE FAMILY 15Y,920,14,9451676.8,63,9,511167.4,0.0,0.0,0.0,0,0,0,04/03/2019
"AGENCY PASS-THRU (TBA, STIP, $ ROLLS)",SINGLE FAMILY 30Y,6945,28,209078446.9,809,18,52386896.5,1793.0,30.0,42760298.7,0,0,0,04/03/2019
"AGENCY PASS-THRU (TBA, STIP, $ ROLLS)",OTHER,15,9,1434348,*,*,*,34.0,13.0,182685.4,0,0,0,04/03/2019
AGENCY PASS-THRU (SPECIFIED),SINGLE FAMILY 15Y,391,239,1062151.3,142,102,227159.9,27.0,13.0,18090.0,0,0,0,04/03/2019
AGENCY PASS-THRU (SPECIFIED),SINGLE FAMILY 30Y,1024,594,8003703.9,555,289,5682130.2,672.0,325.0,5232926.4,0,0,0,04/03/2019
AGENCY PASS-THRU (SPECIFIED),ADJUSTABLE/HYBRID,29,19,157980.8,31,16,324383.7,112.0,59.0,34783.9,6,6,2540.6,04/03/2019
AGENCY PASS-THRU (SPECIFIED),OTHER,0,0,0,0,0,0,0.0,0.0,0.0,0,0,0,04/03/2019
AGENCY CMO,P&I,260,160,342893.2,284,167,177976,295.0,134.0,383036.7,20,15,85997.7,04/03/2019
AGENCY CMO,IO/PO,23,15,81131.6,14,12,18600.6,16.0,11.0,403291.0,*,*,*,04/03/2019
"AGENCY PASS-THRU (TBA, STIP, $ ROLLS)",SINGLE FAMILY 15Y,792,14,21515446.7,138,10,2469758.1,0.0,0.0,0.0,0.0,0.0,0.0,04/04/2019
"AGENCY PASS-THRU (TBA, STIP, $ ROLLS)",SINGLE FAMILY 30Y,7057,21,276760579.8,932,13,44492480.2,1808.0,35.0,71969090.4,0.0,0.0,0.0,04/04/2019
"AGENCY PASS-THRU (TBA, STIP, $ ROLLS)",OTHER,28,10,813978.3,*,*,*,49.0,9.0,149515.2,0.0,0.0,0.0,04/04/2019
AGENCY PASS-THRU (SPECIFIED),SINGLE FAMILY 15Y,363,197,2326183.8,147,100,639497.4,18.0,8.0,7894.4,0.0,0.0,0.0,04/04/2019
AGENCY PASS-THRU (SPECIFIED),SINGLE FAMILY 30Y,1154,604,7299461.5,941,543,5234304.4,443.0,203.0,6269593.1,0.0,0.0,0.0,04/04/2019
AGENCY PASS-THRU (SPECIFIED),ADJUSTABLE/HYBRID,12,8,12163.4,33,31,8063.6,23.0,16.0,14925.1,21.0,11.0,17322.1,04/04/2019
AGENCY PASS-THRU (SPECIFIED),OTHER,0,0,0,0,0,0,0.0,0.0,0.0,0.0,0.0,0.0,04/04/2019
AGENCY CMO,P&I,183,120,399267.6,251,139,231739.7,325.0,140.0,496489.6,30.0,16.0,205212.7,04/04/2019
AGENCY CMO,IO/PO,12,7,122809.2,6,6,7542.7,16.0,13.0,313654.8,0.0,0.0,0.0,04/04/2019
"AGENCY PASS-THRU (TBA, STIP, $ ROLLS)",SINGLE FAMILY 15Y,718,14,15041010.2,60,10,557353.1,0.0,0.0,0.0,0.0,0.0,0.0,04/05/2019
"AGENCY PASS-THRU (TBA, STIP, $ ROLLS)",SINGLE FAMILY 30Y,8484,22,336309999.2,1088,17,64904632.8,1534.0,28.0,54875336.2,0.0,0.0,0.0,04/05/2019
"AGENCY PASS-THRU (TBA, STIP, $ ROLLS)",OTHER,15,8,153954,0,0,0,11.0,8.0,77036.5,0.0,0.0,0.0,04/05/2019
AGENCY PASS-THRU (SPECIFIED),SINGLE FAMILY 15Y,337,195,683129.2,125,83,145945.6,30.0,11.0,33077.7,0.0,0.0,0.0,04/05/2019
AGENCY PASS-THRU (SPECIFIED),SINGLE FAMILY 30Y,1222,704,10785781.1,612,319,4757013.9,505.0,239.0,5138259.8,0.0,0.0,0.0,04/05/2019
AGENCY PASS-THRU (SPECIFIED),ADJUSTABLE/HYBRID,11,7,111101.6,*,*,*,10.0,8.0,40808.4,29.0,12.0,24238.0,04/05/2019
AGENCY PASS-THRU (SPECIFIED),OTHER,0,0,0,0,0,0,0.0,0.0,0.0,0.0,0.0,0.0,04/05/2019
AGENCY CMO,P&I,205,116,171449.3,245,140,284285.7,298.0,147.0,251503.8,28.0,21.0,37142.7,04/05/2019
AGENCY CMO,IO/PO,23,8,72687.1,18,8,103602.2,13.0,11.0,272239.9,0.0,0.0,0.0,04/05/2019
"AGENCY PASS-THRU (TBA, STIP, $ ROLLS)",SINGLE FAMILY 15Y,1064,18,19726814.2,157,14,6059942.5,0.0,0.0,0.0,0,0,0,04/08/2019
"AGENCY PASS-THRU (TBA, STIP, $ ROLLS)",SINGLE FAMILY 30Y,6268,22,154721277.5,925,18,37281228.6,1453.0,29.0,48128851.3,0,0,0,04/08/2019
"AGENCY PASS-THRU (TBA, STIP, $ ROLLS)",OTHER,12,7,186479.5,0,0,0,17.0,5.0,60779.9,0,0,0,04/08/2019
AGENCY PASS-THRU (SPECIFIED),SINGLE FAMILY 15Y,433,261,2088019.1,183,120,683981.2,39.0,12.0,27757.7,0,0,0,04/08/2019
AGENCY PASS-THRU (SPECIFIED),SINGLE FAMILY 30Y,1310,707,11148970.8,537,286,9901291.3,482.0,229.0,4580949.6,0,0,0,04/08/2019
AGENCY PASS-THRU (SPECIFIED),ADJUSTABLE/HYBRID,14,10,160587.5,9,6,78409.9,11.0,7.0,51495.9,7,3,2653.4,04/08/2019
AGENCY PASS-THRU (SPECIFIED),OTHER,0,0,0,0,0,0,0.0,0.0,0.0,0,0,0,04/08/2019
AGENCY CMO,P&I,208,131,130970.1,239,137,351990.7,249.0,132.0,173839.6,21,17,24862.6,04/08/2019
AGENCY CMO,IO/PO,9,6,54972.6,8,6,20892.1,23.0,18.0,168034.1,*,*,*,04/08/2019
"AGENCY PASS-THRU (TBA, STIP, $ ROLLS)",SINGLE FAMILY 15Y,1477,19,28280061.3,261,10,4541398.7,0.0,0.0,0.0,0,0,0,04/09/2019
"AGENCY PASS-THRU (TBA, STIP, $ ROLLS)",SINGLE FAMILY 30Y,5258,22,140520985,253,9,12320529.9,1782.0,28.0,50596636.7,0,0,0,04/09/2019
"AGENCY PASS-THRU (TBA, STIP, $ ROLLS)",OTHER,28,14,342778,0,0,0,22.0,8.0,144085.0,0,0,0,04/09/2019
AGENCY PASS-THRU (SPECIFIED),SINGLE FAMILY 15Y,437,277,1104798.3,226,149,873502.6,82.0,29.0,148064.6,0,0,0,04/09/2019
AGENCY PASS-THRU (SPECIFIED),SINGLE FAMILY 30Y,1203,628,2279219.6,513,271,2092571.9,916.0,438.0,10806109.6,*,*,*,04/09/2019
AGENCY PASS-THRU (SPECIFIED),ADJUSTABLE/HYBRID,23,16,80452.9,13,12,6066.3,47.0,37.0,75937.8,8,8,7496,04/09/2019
AGENCY PASS-THRU (SPECIFIED),OTHER,0,0,0,0,0,0,0.0,0.0,0.0,0,0,0,04/09/2019
AGENCY CMO,P&I,277,144,391571.8,270,143,313609.7,299.0,153.0,147510.2,15,13,43174.4,04/09/2019
AGENCY CMO,IO/PO,9,7,86039.8,40,10,201231.7,24.0,8.0,88823.5,*,*,*,04/09/2019
"AGENCY PASS-THRU (TBA, STIP, $ ROLLS)",SINGLE FAMILY 15Y,1653,18,21754836.4,401,12,10451121.3,0.0,0.0,0.0,0.0,0.0,0.0,04/10/2019
"AGENCY PASS-THRU (TBA, STIP, $ ROLLS)",SINGLE FAMILY 30Y,4911,26,145621525.1,252,9,5650316.9,2267.0,35.0,63239208.2,0.0,0.0,0.0,04/10/2019
"AGENCY PASS-THRU (TBA, STIP, $ ROLLS)",OTHER,17,9,256801,0,0,0,16.0,11.0,180284.8,0.0,0.0,0.0,04/10/2019
AGENCY PASS-THRU (SPECIFIED),SINGLE FAMILY 15Y,313,208,684649.1,109,76,653383.9,74.0,20.0,52461.3,0.0,0.0,0.0,04/10/2019
AGENCY PASS-THRU (SPECIFIED),SINGLE FAMILY 30Y,882,484,4222837.4,445,215,1451072.1,953.0,398.0,9233000.7,0.0,0.0,0.0,04/10/2019
AGENCY PASS-THRU (SPECIFIED),ADJUSTABLE/HYBRID,34,29,73216.1,34,21,55052.4,20.0,12.0,12613.1,6.0,3.0,5657.7,04/10/2019
AGENCY PASS-THRU (SPECIFIED),OTHER,0,0,0,0,0,0,0.0,0.0,0.0,0.0,0.0,0.0,04/10/2019
AGENCY CMO,P&I,288,180,538484.5,284,178,469126.5,224.0,128.0,546813.8,16.0,11.0,42469.8,04/10/2019
AGENCY CMO,IO/PO,24,18,232088.3,14,9,126788.6,10.0,9.0,198012.0,0.0,0.0,0.0,04/10/2019
"AGENCY PASS-THRU (TBA, STIP, $ ROLLS)",SINGLE FAMILY 15Y,1381,18,16050678.4,461,12,7944718,0.0,0.0,0.0,0,0,0,04/11/2019
"AGENCY PASS-THRU (TBA, STIP, $ ROLLS)",SINGLE FAMILY 30Y,4244,18,125409304.8,157,9,13529674.3,2874.0,37.0,97284566.0,0,0,0,04/11/2019
"AGENCY PASS-THRU (TBA, STIP, $ ROLLS)",OTHER,20,12,543429,*,*,*,27.0,11.0,252327.8,0,0,0,04/11/2019
AGENCY PASS-THRU (SPECIFIED),SINGLE FAMILY 15Y,387,258,668132.9,109,78,287713.6,41.0,21.0,37052.0,0,0,0,04/11/2019
AGENCY PASS-THRU (SPECIFIED),SINGLE FAMILY 30Y,1001,531,5083766.6,595,301,2912552.5,981.0,485.0,11135787.4,0,0,0,04/11/2019
AGENCY PASS-THRU (SPECIFIED),ADJUSTABLE/HYBRID,14,10,38587.2,14,7,8563.3,14.0,12.0,25113.9,22,14,29300.6,04/11/2019
AGENCY PASS-THRU (SPECIFIED),OTHER,0,0,0,0,0,0,0.0,0.0,0.0,0,0,0,04/11/2019
AGENCY CMO,P&I,282,158,571174.5,276,151,450080.3,293.0,147.0,560554.3,19,11,140018.6,04/11/2019
AGENCY CMO,IO/PO,21,14,157539.8,9,7,15789.4,42.0,28.0,725466.0,*,*,*,04/11/2019
"AGENCY PASS-THRU (TBA, STIP, $ ROLLS)",SINGLE FAMILY 15Y,497,13,4819432,13,4,17261,0.0,0.0,0.0,0,0,0,04/12/2019
"AGENCY PASS-THRU (TBA, STIP, $ ROLLS)",SINGLE FAMILY 30Y,3931,20,97096858,68,7,3050436.4,3418.0,36.0,82641264.6,0,0,0,04/12/2019
"AGENCY PASS-THRU (TBA, STIP, $ ROLLS)",OTHER,38,14,644475.1,0,0,0,67.0,11.0,237916.9,0,0,0,04/12/2019
AGENCY PASS-THRU (SPECIFIED),SINGLE FAMILY 15Y,262,143,711392.6,98,56,52513.7,40.0,29.0,10366.9,0,0,0,04/12/2019
AGENCY PASS-THRU (SPECIFIED),SINGLE FAMILY 30Y,790,435,4596708.4,322,176,1907646.5,1060.0,481.0,9663272.6,0,0,0,04/12/2019
AGENCY PASS-THRU (SPECIFIED),ADJUSTABLE/HYBRID,24,17,130642.4,6,4,37200.9,11.0,5.0,13095.9,*,*,*,04/12/2019
AGENCY PASS-THRU (SPECIFIED),OTHER,0,0,0,0,0,0,0.0,0.0,0.0,0,0,0,04/12/2019
AGENCY CMO,P&I,217,121,318362.5,212,120,605131.9,212.0,116.0,203665.0,10,6,8953.7,04/12/2019
AGENCY CMO,IO/PO,17,9,139228.3,13,7,160517.5,22.0,17.0,460415.0,*,*,*,04/12/2019
"AGENCY PASS-THRU (TBA, STIP, $ ROLLS)",SINGLE FAMILY 15Y,559,13,9784294,9,3,42775,0.0,0.0,0.0,0.0,0.0,0.0,04/15/2019
"AGENCY PASS-THRU (TBA, STIP, $ ROLLS)",SINGLE FAMILY 30Y,3927,20,103760361.2,110,8,3486638.6,3238.0,37.0,70729479.9,0.0,0.0,0.0,04/15/2019
"AGENCY PASS-THRU (TBA, STIP, $ ROLLS)",OTHER,15,8,147068,*,*,*,13.0,8.0,57868.8,0.0,0.0,0.0,04/15/2019
AGENCY PASS-THRU (SPECIFIED),SINGLE FAMILY 15Y,270,164,712425.4,104,64,80196.8,31.0,14.0,3399.2,0.0,0.0,0.0,04/15/2019
AGENCY PASS-THRU (SPECIFIED),SINGLE FAMILY 30Y,806,407,3206663.7,502,240,4749917.1,830.0,436.0,7292416.5,0.0,0.0,0.0,04/15/2019
AGENCY PASS-THRU (SPECIFIED),ADJUSTABLE/HYBRID,47,30,78145.2,6,5,11892.2,144.0,121.0,167351.0,13.0,5.0,20676.8,04/15/2019
AGENCY PASS-THRU (SPECIFIED),OTHER,0,0,0,0,0,0,0.0,0.0,0.0,0.0,0.0,0.0,04/15/2019
AGENCY CMO,P&I,325,170,139525.2,332,187,142518.7,304.0,151.0,163256.0,20.0,11.0,38288.9,04/15/2019
AGENCY CMO,IO/PO,12,9,84683.8,10,6,42133.4,6.0,5.0,63901.1,0.0,0.0,0.0,04/15/2019
"AGENCY PASS-THRU (TBA, STIP, $ ROLLS)",SINGLE FAMILY 15Y,1233,12,13429723.3,46,5,1238409.5,0.0,0.0,0.0,0.0,0.0,0.0,04/16/2019
"AGENCY PASS-THRU (TBA, STIP, $ ROLLS)",SINGLE FAMILY 30Y,6255,18,156808269.9,148,11,6388058.2,1471.0,27.0,38570788.6,0.0,0.0,0.0,04/16/2019
"AGENCY PASS-THRU (TBA, STIP, $ ROLLS)",OTHER,15,10,384809,*,*,*,33.0,18.0,263945.4,0.0,0.0,0.0,04/16/2019
AGENCY PASS-THRU (SPECIFIED),SINGLE FAMILY 15Y,340,190,926715.5,143,95,1127906.2,39.0,16.0,136751.0,0.0,0.0,0.0,04/16/2019
AGENCY PASS-THRU (SPECIFIED),SINGLE FAMILY 30Y,1110,656,5431173.3,500,281,4650691.8,595.0,327.0,3344481.4,0.0,0.0,0.0,04/16/2019
AGENCY PASS-THRU (SPECIFIED),ADJUSTABLE/HYBRID,14,12,119335.9,16,13,255843.9,22.0,12.0,23065.9,14.0,6.0,40036.4,04/16/2019
AGENCY PASS-THRU (SPECIFIED),OTHER,0,0,0,0,0,0,0.0,0.0,0.0,0.0,0.0,0.0,04/16/2019
AGENCY CMO,P&I,339,199,442561.9,331,178,509484.4,298.0,160.0,454451.2,33.0,25.0,88499.2,04/16/2019
AGENCY CMO,IO/PO,36,23,436344.6,30,21,114232.9,17.0,7.0,59915.2,0.0,0.0,0.0,04/16/2019
"AGENCY PASS-THRU (TBA, STIP, $ ROLLS)",SINGLE FAMILY 15Y,883,12,7724497.8,39,5,345925.2,0.0,0.0,0.0,0,0,0,04/17/2019
"AGENCY PASS-THRU (TBA, STIP, $ ROLLS)",SINGLE FAMILY 30Y,5789,18,138674162.2,213,10,6667755.5,1068.0,24.0,20858274.7,0,0,0,04/17/2019
"AGENCY PASS-THRU (TBA, STIP, $ ROLLS)",OTHER,17,9,617342,0,0,0,18.0,11.0,172066.0,0,0,0,04/17/2019
AGENCY PASS-THRU (SPECIFIED),SINGLE FAMILY 15Y,329,229,834866.9,128,95,264704.7,43.0,26.0,71600.4,0,0,0,04/17/2019
AGENCY PASS-THRU (SPECIFIED),SINGLE FAMILY 30Y,843,442,4460120.8,638,314,2457375.1,614.0,351.0,6864821.8,0,0,0,04/17/2019
AGENCY PASS-THRU (SPECIFIED),ADJUSTABLE/HYBRID,21,15,161751.1,98,94,121754.9,43.0,21.0,112729.9,21,14,7644.6,04/17/2019
AGENCY PASS-THRU (SPECIFIED),OTHER,0,0,0,0,0,0,0.0,0.0,0.0,0,0,0,04/17/2019
AGENCY CMO,P&I,309,174,531116.8,291,154,206854.3,310.0,165.0,445944.2,33,20,110242.7,04/17/2019
AGENCY CMO,IO/PO,38,19,226880.6,40,18,239539,60.0,25.0,450708.3,*,*,*,04/17/2019
"AGENCY PASS-THRU (TBA, STIP, $ ROLLS)",SINGLE FAMILY 15Y,671,13,5844709,14,4,88940,0.0,0.0,0.0,0.0,0.0,0.0,04/18/2019
"AGENCY PASS-THRU (TBA, STIP, $ ROLLS)",SINGLE FAMILY 30Y,3747,19,87742780.1,112,7,1823795.8,1090.0,26.0,18415612.5,0.0,0.0,0.0,04/18/2019
"AGENCY PASS-THRU (TBA, STIP, $ ROLLS)",OTHER,17,7,197222,0,0,0,17.0,8.0,187560.1,0.0,0.0,0.0,04/18/2019
AGENCY PASS-THRU (SPECIFIED),SINGLE FAMILY 15Y,230,155,383810.5,56,35,81550.5,9.0,4.0,13401.5,0.0,0.0,0.0,04/18/2019
AGENCY PASS-THRU (SPECIFIED),SINGLE FAMILY 30Y,424,273,2178643.3,307,169,1234655.2,487.0,271.0,2063451.3,0.0,0.0,0.0,04/18/2019
AGENCY PASS-THRU (SPECIFIED),ADJUSTABLE/HYBRID,*,*,*,0,0,0,18.0,12.0,78301.2,12.0,10.0,4125.1,04/18/2019
AGENCY PASS-THRU (SPECIFIED),OTHER,0,0,0,0,0,0,0.0,0.0,0.0,0.0,0.0,0.0,04/18/2019
AGENCY CMO,P&I,130,82,230856.3,130,83,199631.2,183.0,105.0,51808.4,6.0,6.0,27023.6,04/18/2019
AGENCY CMO,IO/PO,27,16,56900.8,22,7,25833.8,9.0,5.0,210090.4,0.0,0.0,0.0,04/18/2019
"AGENCY PASS-THRU (TBA, STIP, $ ROLLS)",SINGLE FAMILY 15Y,519,12,4876249.4,22,4,59172,0.0,0.0,0.0,0,0,0,04/22/2019
"AGENCY PASS-THRU (TBA, STIP, $ ROLLS)",SINGLE FAMILY 30Y,4266,19,91483175.6,261,8,6687851.5,1306.0,28.0,18417362.0,0,0,0,04/22/2019
"AGENCY PASS-THRU (TBA, STIP, $ ROLLS)",OTHER,24,12,763084,0,0,0,13.0,6.0,98460.1,0,0,0,04/22/2019
AGENCY PASS-THRU (SPECIFIED),SINGLE FAMILY 15Y,276,165,225575.9,62,38,118518,37.0,15.0,58524.2,0,0,0,04/22/2019
AGENCY PASS-THRU (SPECIFIED),SINGLE FAMILY 30Y,950,459,4602007.5,464,273,3653321.8,813.0,369.0,3410348.3,0,0,0,04/22/2019
AGENCY PASS-THRU (SPECIFIED),ADJUSTABLE/HYBRID,16,11,20968.2,6,4,1309.7,18.0,18.0,48765.2,*,*,*,04/22/2019
AGENCY PASS-THRU (SPECIFIED),OTHER,0,0,0,0,0,0,0.0,0.0,0.0,0,0,0,04/22/2019
AGENCY CMO,P&I,288,152,186854.6,317,180,244746,356.0,159.0,131997.9,18,13,77912.9,04/22/2019
AGENCY CMO,IO/PO,21,12,185400.3,9,4,44619.4,5.0,3.0,61234.7,0,0,0,04/22/2019
"AGENCY PASS-THRU (TBA, STIP, $ ROLLS)",SINGLE FAMILY 15Y,726,16,14989226.5,29,5,764340,0.0,0.0,0.0,0.0,0.0,0.0,04/23/2019
"AGENCY PASS-THRU (TBA, STIP, $ ROLLS)",SINGLE FAMILY 30Y,4745,23,125566400.8,232,14,7974283.7,1410.0,33.0,47098973.4,0.0,0.0,0.0,04/23/2019
"AGENCY PASS-THRU (TBA, STIP, $ ROLLS)",OTHER,23,10,510934,0,0,0,15.0,9.0,147062.3,0.0,0.0,0.0,04/23/2019
AGENCY PASS-THRU (SPECIFIED),SINGLE FAMILY 15Y,347,229,592866.8,151,106,423567.8,23.0,17.0,134963.2,0.0,0.0,0.0,04/23/2019
AGENCY PASS-THRU (SPECIFIED),SINGLE FAMILY 30Y,1118,611,3645333.8,794,531,5606647.9,774.0,336.0,2770022.2,0.0,0.0,0.0,04/23/2019
AGENCY PASS-THRU (SPECIFIED),ADJUSTABLE/HYBRID,42,32,92558.9,9,5,27067.7,11.0,11.0,78148.3,12.0,7.0,6980.9,04/23/2019
AGENCY PASS-THRU (SPECIFIED),OTHER,0,0,0,0,0,0,0.0,0.0,0.0,0.0,0.0,0.0,04/23/2019
AGENCY CMO,P&I,323,183,242437,242,147,299457.3,384.0,189.0,276887.0,16.0,12.0,100664.3,04/23/2019
AGENCY CMO,IO/PO,26,13,105148.3,13,9,51257.7,34.0,25.0,364013.7,0.0,0.0,0.0,04/23/2019
"AGENCY PASS-THRU (TBA, STIP, $ ROLLS)",SINGLE FAMILY 15Y,778,15,12644000,42,7,239400,0.0,0.0,0.0,0.0,0.0,0.0,04/24/2019
"AGENCY PASS-THRU (TBA, STIP, $ ROLLS)",SINGLE FAMILY 30Y,4081,21,116995834.1,206,9,5216222.4,1165.0,25.0,22907681.9,0.0,0.0,0.0,04/24/2019
"AGENCY PASS-THRU (TBA, STIP, $ ROLLS)",OTHER,29,12,552017.6,0,0,0,24.0,7.0,190001.8,0.0,0.0,0.0,04/24/2019
AGENCY PASS-THRU (SPECIFIED),SINGLE FAMILY 15Y,418,256,789113.7,149,96,445497.3,34.0,17.0,217572.1,0.0,0.0,0.0,04/24/2019
AGENCY PASS-THRU (SPECIFIED),SINGLE FAMILY 30Y,959,567,4664912.8,618,285,3202000.1,731.0,510.0,3617942.1,0.0,0.0,0.0,04/24/2019
AGENCY PASS-THRU (SPECIFIED),ADJUSTABLE/HYBRID,26,20,27538.9,27,19,66506.7,16.0,11.0,10159.0,24.0,5.0,55549.3,04/24/2019
AGENCY PASS-THRU (SPECIFIED),OTHER,0,0,0,0,0,0,0.0,0.0,0.0,0.0,0.0,0.0,04/24/2019
AGENCY CMO,P&I,277,153,162669.3,292,150,177672,329.0,148.0,865120.3,21.0,11.0,20243.0,04/24/2019
AGENCY CMO,IO/PO,36,18,142881.5,25,19,277117.7,40.0,22.0,515775.2,0.0,0.0,0.0,04/24/2019
"AGENCY PASS-THRU (TBA, STIP, $ ROLLS)",SINGLE FAMILY 15Y,797,13,11212086,39,4,463221.2,0.0,0.0,0.0,0.0,0.0,0.0,04/25/2019
"AGENCY PASS-THRU (TBA, STIP, $ ROLLS)",SINGLE FAMILY 30Y,3748,22,96906468.4,152,10,3804865.3,1046.0,30.0,41891683.1,0.0,0.0,0.0,04/25/2019
"AGENCY PASS-THRU (TBA, STIP, $ ROLLS)",OTHER,40,13,582744.5,*,*,*,11.0,8.0,113401.1,0.0,0.0,0.0,04/25/2019
AGENCY PASS-THRU (SPECIFIED),SINGLE FAMILY 15Y,319,211,635336.9,110,80,386902,28.0,23.0,95357.8,0.0,0.0,0.0,04/25/2019
AGENCY PASS-THRU (SPECIFIED),SINGLE FAMILY 30Y,1028,629,6939371,570,318,3037461.1,671.0,330.0,2105638.0,0.0,0.0,0.0,04/25/2019
AGENCY PASS-THRU (SPECIFIED),ADJUSTABLE/HYBRID,24,18,96146.4,27,20,54912.9,13.0,11.0,66893.8,14.0,9.0,21459.5,04/25/2019
AGENCY PASS-THRU (SPECIFIED),OTHER,0,0,0,0,0,0,0.0,0.0,0.0,0.0,0.0,0.0,04/25/2019
AGENCY CMO,P&I,269,144,164243.8,336,157,284502.9,404.0,150.0,332074.2,18.0,13.0,34520.7,04/25/2019
AGENCY CMO,IO/PO,30,23,63976.5,14,12,43282.5,47.0,25.0,309859.1,0.0,0.0,0.0,04/25/2019
"AGENCY PASS-THRU (TBA, STIP, $ ROLLS)",SINGLE FAMILY 15Y,772,15,9444212,23,4,295025.4,0.0,0.0,0.0,0,0,0,04/26/2019
"AGENCY PASS-THRU (TBA, STIP, $ ROLLS)",SINGLE FAMILY 30Y,4336,20,101544258.3,165,9,5404517,1202.0,31.0,32005674.5,0,0,0,04/26/2019
"AGENCY PASS-THRU (TBA, STIP, $ ROLLS)",OTHER,37,15,734272.4,0,0,0,34.0,11.0,273731.7,0,0,0,04/26/2019
AGENCY PASS-THRU (SPECIFIED),SINGLE FAMILY 15Y,273,169,585715.1,113,69,184730.2,8.0,6.0,1437.5,0,0,0,04/26/2019
AGENCY PASS-THRU (SPECIFIED),SINGLE FAMILY 30Y,707,396,4022832,316,172,1731379.7,318.0,165.0,1525144.9,0,0,0,04/26/2019
AGENCY PASS-THRU (SPECIFIED),ADJUSTABLE/HYBRID,19,11,60708.6,11,10,71775.6,16.0,12.0,17461.4,8,3,20448.2,04/26/2019
AGENCY PASS-THRU (SPECIFIED),OTHER,0,0,0,0,0,0,0.0,0.0,0.0,0,0,0,04/26/2019
AGENCY CMO,P&I,248,139,137839.5,269,140,172155.6,286.0,126.0,286899.9,12,10,5955.9,04/26/2019
AGENCY CMO,IO/PO,50,21,242675.2,21,13,18166.4,55.0,22.0,232254.3,*,*,*,04/26/2019
"AGENCY PASS-THRU (TBA, STIP, $ ROLLS)",SINGLE FAMILY 15Y,759,12,9391523.7,28,4,129625,0.0,0.0,0.0,0.0,0.0,0.0,04/29/2019
"AGENCY PASS-THRU (TBA, STIP, $ ROLLS)",SINGLE FAMILY 30Y,4599,20,130170645.8,181,6,5563433.3,1237.0,40.0,21287251.0,0.0,0.0,0.0,04/29/2019
"AGENCY PASS-THRU (TBA, STIP, $ ROLLS)",OTHER,12,6,113417,0,0,0,10.0,8.0,45091.2,0.0,0.0,0.0,04/29/2019
AGENCY PASS-THRU (SPECIFIED),SINGLE FAMILY 15Y,308,201,1234731.2,127,91,146458.2,11.0,8.0,1942.7,0.0,0.0,0.0,04/29/2019
AGENCY PASS-THRU (SPECIFIED),SINGLE FAMILY 30Y,1062,613,5546282.2,448,242,1022859.7,623.0,315.0,1006267.9,0.0,0.0,0.0,04/29/2019
AGENCY PASS-THRU (SPECIFIED),ADJUSTABLE/HYBRID,95,85,62713.1,5,3,416.6,15.0,11.0,23303.8,23.0,11.0,13260.1,04/29/2019
AGENCY PASS-THRU (SPECIFIED),OTHER,0,0,0,0,0,0,0.0,0.0,0.0,0.0,0.0,0.0,04/29/2019
AGENCY CMO,P&I,282,159,99985,293,161,187591.9,316.0,130.0,52760.7,22.0,19.0,17467.7,04/29/2019
AGENCY CMO,IO/PO,37,19,373254.4,28,13,50036.6,47.0,18.0,292672.8,0.0,0.0,0.0,04/29/2019
"AGENCY PASS-THRU (TBA, STIP, $ ROLLS)",SINGLE FAMILY 15Y,1050,15,12968595,51,7,202728.2,0.0,0.0,0.0,0,0,0,04/30/2019
"AGENCY PASS-THRU (TBA, STIP, $ ROLLS)",SINGLE FAMILY 30Y,5262,22,134844132.1,260,12,7729870.7,1512.0,23.0,28360080.0,0,0,0,04/30/2019
"AGENCY PASS-THRU (TBA, STIP, $ ROLLS)",OTHER,21,8,457687,*,*,*,9.0,6.0,42261.8,0,0,0,04/30/2019
AGENCY PASS-THRU (SPECIFIED),SINGLE FAMILY 15Y,312,177,626415.2,124,75,222423,5.0,4.0,1987.3,0,0,0,04/30/2019
AGENCY PASS-THRU (SPECIFIED),SINGLE FAMILY 30Y,800,427,3481257.7,433,203,2676309,566.0,277.0,1690454.3,0,0,0,04/30/2019
AGENCY PASS-THRU (SPECIFIED),ADJUSTABLE/HYBRID,32,27,59482.9,14,14,23369.5,19.0,12.0,14575.0,9,5,7759.1,04/30/2019
AGENCY PASS-THRU (SPECIFIED),OTHER,0,0,0,0,0,0,0.0,0.0,0.0,0,0,0,04/30/2019
AGENCY CMO,P&I,338,187,273729.7,391,212,586373,376.0,176.0,546320.5,28,16,41912.4,04/30/2019
AGENCY CMO,IO/PO,25,17,109696.3,31,21,189368.7,30.0,16.0,141295.3,*,*,*,04/30/2019
