AssetClass,AssetClassSubType,FNMATradeCount,FNMAUniqueID,FNMA$Trades,FHLMCTradeCount,FHLMCUniqueID,FHLMC$Trades,GNMATradeCount,GNMAUniqueID,GNMA$Trades,OtherTradeCount,OtherUniqueID,Other$Trades,Date
"AGENCY PASS-THRU (TBA, STIP, $ ROLLS)",SINGLE FAMILY 15Y,841,12,12306266,35,7,295740,0.0,0.0,0.0,0,0,0,20190401
"AGENCY PASS-THRU (TBA, STIP, $ ROLLS)",SINGLE FAMILY 30Y,6045,21,207807664.4,252,11,17089256.5,1604.0,27.0,39814768.3,0,0,0,20190401
"AGENCY PASS-THRU (TBA, STIP, $ ROLLS)",OTHER,20,10,342112,0,0,0,14.0,7.0,87553.7,0,0,0,20190401
AGENCY PASS-THRU (SPECIFIED),SINGLE FAMILY 15Y,292,197,1519553.4,112,75,183550,19.0,8.0,20878.6,0,0,0,20190401
AGENCY PASS-THRU (SPECIFIED),SINGLE FAMILY 30Y,826,425,4168537.9,492,234,3623946.9,581.0,285.0,8869463.7,0,0,0,20190401
AGENCY PASS-THRU (SPECIFIED),ADJUSTABLE/HYBRID,22,14,169255.4,7,6,36783.2,24.0,18.0,200192.2,*,*,*,20190401
AGENCY PASS-THRU (SPECIFIED),OTHER,0,0,0,0,0,0,0.0,0.0,0.0,0,0,0,20190401
AGENCY CMO,P&I,226,121,71975.2,248,140,197133.8,306.0,154.0,1173938.8,24,19,42305.3,20190401
AGENCY CMO,IO/PO,16,11,138852.1,*,*,*,12.0,8.0,241778.0,0,0,0,20190401
"AGENCY PASS-THRU (TBA, STIP, $ ROLLS)",SINGLE FAMILY 15Y,1017,14,11723477.3,55,10,744105,0.0,0.0,0.0,0.0,0.0,0.0,20190402
"AGENCY PASS-THRU (TBA, STIP, $ ROLLS)",SINGLE FAMILY 30Y,6245,25,264337026.2,570,11,43036110.6,1508.0,28.0,49879090.4,0.0,0.0,0.0,20190402
"AGENCY PASS-THRU (TBA, STIP, $ ROLLS)",OTHER,25,9,484075,0,0,0,17.0,9.0,120127.6,0.0,0.0,0.0,20190402
AGENCY PASS-THRU (SPECIFIED),SINGLE FAMILY 15Y,349,204,761482.6,96,72,127318.7,21.0,10.0,18846.5,0.0,0.0,0.0,20190402
AGENCY PASS-THRU (SPECIFIED),SINGLE FAMILY 30Y,820,470,10022853.5,387,207,2806949.6,505.0,275.0,4759291.7,0.0,0.0,0.0,20190402
AGENCY PASS-THRU (SPECIFIED),ADJUSTABLE/HYBRID,200,96,167816.7,21,9,71242.3,54.0,30.0,127627.6,17.0,6.0,24842.6,20190402
AGENCY PASS-THRU (SPECIFIED),OTHER,0,0,0,0,0,0,0.0,0.0,0.0,0.0,0.0,0.0,20190402
AGENCY CMO,P&I,253,151,177275.2,299,160,361299.3,370.0,178.0,447812.6,35.0,31.0,8490.2,20190402
AGENCY CMO,IO/PO,11,7,28270.1,9,6,36544,24.0,18.0,415711.1,0.0,0.0,0.0,20190402
"AGENCY PASS-THRU (TBA, STIP, $ ROLLS)",SINGLE FAMILY 15Y,920,14,9451676.8,63,9,511167.4,0.0,0.0,0.0,0,0,0,20190403
"AGENCY PASS-THRU (TBA, STIP, $ ROLLS)",SINGLE FAMILY 30Y,6945,28,209078446.9,809,18,52386896.5,1793.0,30.0,42760298.7,0,0,0,20190403
"AGENCY PASS-THRU (TBA, STIP, $ ROLLS)",OTHER,15,9,1434348,*,*,*,34.0,13.0,182685.4,0,0,0,20190403
AGENCY PASS-THRU (SPECIFIED),SINGLE FAMILY 15Y,391,239,1062151.3,142,102,227159.9,27.0,13.0,18090.0,0,0,0,20190403
AGENCY PASS-THRU (SPECIFIED),SINGLE FAMILY 30Y,1024,594,8003703.9,555,289,5682130.2,672.0,325.0,5232926.4,0,0,0,20190403
AGENCY PASS-THRU (SPECIFIED),ADJUSTABLE/HYBRID,29,19,157980.8,31,16,324383.7,112.0,59.0,34783.9,6,6,2540.6,20190403
AGENCY PASS-THRU (SPECIFIED),OTHER,0,0,0,0,0,0,0.0,0.0,0.0,0,0,0,20190403
AGENCY CMO,P&I,260,160,342893.2,284,167,177976,295.0,134.0,383036.7,20,15,85997.7,20190403
AGENCY CMO,IO/PO,23,15,81131.6,14,12,18600.6,16.0,11.0,403291.0,*,*,*,20190403
"AGENCY PASS-THRU (TBA, STIP, $ ROLLS)",SINGLE FAMILY 15Y,792,14,21515446.7,138,10,2469758.1,0.0,0.0,0.0,0.0,0.0,0.0,20190404
"AGENCY PASS-THRU (TBA, STIP, $ ROLLS)",SINGLE FAMILY 30Y,7057,21,276760579.8,932,13,44492480.2,1808.0,35.0,71969090.4,0.0,0.0,0.0,20190404
"AGENCY PASS-THRU (TBA, STIP, $ ROLLS)",OTHER,28,10,813978.3,*,*,*,49.0,9.0,149515.2,0.0,0.0,0.0,20190404
AGENCY PASS-THRU (SPECIFIED),SINGLE FAMILY 15Y,363,197,2326183.8,147,100,639497.4,18.0,8.0,7894.4,0.0,0.0,0.0,20190404
AGENCY PASS-THRU (SPECIFIED),SINGLE FAMILY 30Y,1154,604,7299461.5,941,543,5234304.4,443.0,203.0,6269593.1,0.0,0.0,0.0,20190404
AGENCY PASS-THRU (SPECIFIED),ADJUSTABLE/HYBRID,12,8,12163.4,33,31,8063.6,23.0,16.0,14925.1,21.0,11.0,17322.1,20190404
AGENCY PASS-THRU (SPECIFIED),OTHER,0,0,0,0,0,0,0.0,0.0,0.0,0.0,0.0,0.0,20190404
AGENCY CMO,P&I,183,120,399267.6,251,139,231739.7,325.0,140.0,496489.6,30.0,16.0,205212.7,20190404
AGENCY CMO,IO/PO,12,7,122809.2,6,6,7542.7,16.0,13.0,313654.8,0.0,0.0,0.0,20190404
"AGENCY PASS-THRU (TBA, STIP, $ ROLLS)",SINGLE FAMILY 15Y,718,14,15041010.2,60,10,557353.1,0.0,0.0,0.0,0.0,0.0,0.0,20190405
"AGENCY PASS-THRU (TBA, STIP, $ ROLLS)",SINGLE FAMILY 30Y,8484,22,336309999.2,1088,17,64904632.8,1534.0,28.0,54875336.2,0.0,0.0,0.0,20190405
"AGENCY PASS-THRU (TBA, STIP, $ ROLLS)",OTHER,15,8,153954,0,0,0,11.0,8.0,77036.5,0.0,0.0,0.0,20190405
AGENCY PASS-THRU (SPECIFIED),SINGLE FAMILY 15Y,337,195,683129.2,125,83,145945.6,30.0,11.0,33077.7,0.0,0.0,0.0,20190405
AGENCY PASS-THRU (SPECIFIED),SINGLE FAMILY 30Y,1222,704,10785781.1,612,319,4757013.9,505.0,239.0,5138259.8,0.0,0.0,0.0,20190405
AGENCY PASS-THRU (SPECIFIED),ADJUSTABLE/HYBRID,11,7,111101.6,*,*,*,10.0,8.0,40808.4,29.0,12.0,24238.0,20190405
AGENCY PASS-THRU (SPECIFIED),OTHER,0,0,0,0,0,0,0.0,0.0,0.0,0.0,0.0,0.0,20190405
AGENCY CMO,P&I,205,116,171449.3,245,140,284285.7,298.0,147.0,251503.8,28.0,21.0,37142.7,20190405
AGENCY CMO,IO/PO,23,8,72687.1,18,8,103602.2,13.0,11.0,272239.9,0.0,0.0,0.0,20190405
"AGENCY PASS-THRU (TBA, STIP, $ ROLLS)",SINGLE FAMILY 15Y,1064,18,19726814.2,157,14,6059942.5,0.0,0.0,0.0,0,0,0,20190408
"AGENCY PASS-THRU (TBA, STIP, $ ROLLS)",SINGLE FAMILY 30Y,6268,22,154721277.5,925,18,37281228.6,1453.0,29.0,48128851.3,0,0,0,20190408
"AGENCY PASS-THRU (TBA, STIP, $ ROLLS)",OTHER,12,7,186479.5,0,0,0,17.0,5.0,60779.9,0,0,0,20190408
AGENCY PASS-THRU (SPECIFIED),SINGLE FAMILY 15Y,433,261,2088019.1,183,120,683981.2,39.0,12.0,27757.7,0,0,0,20190408
AGENCY PASS-THRU (SPECIFIED),SINGLE FAMILY 30Y,1310,707,11148970.8,537,286,9901291.3,482.0,229.0,4580949.6,0,0,0,20190408
AGENCY PASS-THRU (SPECIFIED),ADJUSTABLE/HYBRID,14,10,160587.5,9,6,78409.9,11.0,7.0,51495.9,7,3,2653.4,20190408
AGENCY PASS-THRU (SPECIFIED),OTHER,0,0,0,0,0,0,0.0,0.0,0.0,0,0,0,20190408
AGENCY CMO,P&I,208,131,130970.1,239,137,351990.7,249.0,132.0,173839.6,21,17,24862.6,20190408
AGENCY CMO,IO/PO,9,6,54972.6,8,6,20892.1,23.0,18.0,168034.1,*,*,*,20190408
"AGENCY PASS-THRU (TBA, STIP, $ ROLLS)",SINGLE FAMILY 15Y,1477,19,28280061.3,261,10,4541398.7,0.0,0.0,0.0,0,0,0,20190409
"AGENCY PASS-THRU (TBA, STIP, $ ROLLS)",SINGLE FAMILY 30Y,5258,22,140520985,253,9,12320529.9,1782.0,28.0,50596636.7,0,0,0,20190409
"AGENCY PASS-THRU (TBA, STIP, $ ROLLS)",OTHER,28,14,342778,0,0,0,22.0,8.0,144085.0,0,0,0,20190409
AGENCY PASS-THRU (SPECIFIED),SINGLE FAMILY 15Y,437,277,1104798.3,226,149,873502.6,82.0,29.0,148064.6,0,0,0,20190409
AGENCY PASS-THRU (SPECIFIED),SINGLE FAMILY 30Y,1203,628,2279219.6,513,271,2092571.9,916.0,438.0,10806109.6,*,*,*,20190409
AGENCY PASS-THRU (SPECIFIED),ADJUSTABLE/HYBRID,23,16,80452.9,13,12,6066.3,47.0,37.0,75937.8,8,8,7496,20190409
AGENCY PASS-THRU (SPECIFIED),OTHER,0,0,0,0,0,0,0.0,0.0,0.0,0,0,0,20190409
AGENCY CMO,P&I,277,144,391571.8,270,143,313609.7,299.0,153.0,147510.2,15,13,43174.4,20190409
AGENCY CMO,IO/PO,9,7,86039.8,40,10,201231.7,24.0,8.0,88823.5,*,*,*,20190409
"AGENCY PASS-THRU (TBA, STIP, $ ROLLS)",SINGLE FAMILY 15Y,1653,18,21754836.4,401,12,10451121.3,0.0,0.0,0.0,0.0,0.0,0.0,20190410
"AGENCY PASS-THRU (TBA, STIP, $ ROLLS)",SINGLE FAMILY 30Y,4911,26,145621525.1,252,9,5650316.9,2267.0,35.0,63239208.2,0.0,0.0,0.0,20190410
"AGENCY PASS-THRU (TBA, STIP, $ ROLLS)",OTHER,17,9,256801,0,0,0,16.0,11.0,180284.8,0.0,0.0,0.0,20190410
AGENCY PASS-THRU (SPECIFIED),SINGLE FAMILY 15Y,313,208,684649.1,109,76,653383.9,74.0,20.0,52461.3,0.0,0.0,0.0,20190410
AGENCY PASS-THRU (SPECIFIED),SINGLE FAMILY 30Y,882,484,4222837.4,445,215,1451072.1,953.0,398.0,9233000.7,0.0,0.0,0.0,20190410
AGENCY PASS-THRU (SPECIFIED),ADJUSTABLE/HYBRID,34,29,73216.1,34,21,55052.4,20.0,12.0,12613.1,6.0,3.0,5657.7,20190410
AGENCY PASS-THRU (SPECIFIED),OTHER,0,0,0,0,0,0,0.0,0.0,0.0,0.0,0.0,0.0,20190410
AGENCY CMO,P&I,288,180,538484.5,284,178,469126.5,224.0,128.0,546813.8,16.0,11.0,42469.8,20190410
AGENCY CMO,IO/PO,24,18,232088.3,14,9,126788.6,10.0,9.0,198012.0,0.0,0.0,0.0,20190410
"AGENCY PASS-THRU (TBA, STIP, $ ROLLS)",SINGLE FAMILY 15Y,1381,18,16050678.4,461,12,7944718,0.0,0.0,0.0,0,0,0,20190411
"AGENCY PASS-THRU (TBA, STIP, $ ROLLS)",SINGLE FAMILY 30Y,4244,18,125409304.8,157,9,13529674.3,2874.0,37.0,97284566.0,0,0,0,20190411
"AGENCY PASS-THRU (TBA, STIP, $ ROLLS)",OTHER,20,12,543429,*,*,*,27.0,11.0,252327.8,0,0,0,20190411
AGENCY PASS-THRU (SPECIFIED),SINGLE FAMILY 15Y,387,258,668132.9,109,78,287713.6,41.0,21.0,37052.0,0,0,0,20190411
AGENCY PASS-THRU (SPECIFIED),SINGLE FAMILY 30Y,1001,531,5083766.6,595,301,2912552.5,981.0,485.0,11135787.4,0,0,0,20190411
AGENCY PASS-THRU (SPECIFIED),ADJUSTABLE/HYBRID,14,10,38587.2,14,7,8563.3,14.0,12.0,25113.9,22,14,29300.6,20190411
AGENCY PASS-THRU (SPECIFIED),OTHER,0,0,0,0,0,0,0.0,0.0,0.0,0,0,0,20190411
AGENCY CMO,P&I,282,158,571174.5,276,151,450080.3,293.0,147.0,560554.3,19,11,140018.6,20190411
AGENCY CMO,IO/PO,21,14,157539.8,9,7,15789.4,42.0,28.0,725466.0,*,*,*,20190411
"AGENCY PASS-THRU (TBA, STIP, $ ROLLS)",SINGLE FAMILY 15Y,497,13,4819432,13,4,17261,0.0,0.0,0.0,0,0,0,20190412
"AGENCY PASS-THRU (TBA, STIP, $ ROLLS)",SINGLE FAMILY 30Y,3931,20,97096858,68,7,3050436.4,3418.0,36.0,82641264.6,0,0,0,20190412
"AGENCY PASS-THRU (TBA, STIP, $ ROLLS)",OTHER,38,14,644475.1,0,0,0,67.0,11.0,237916.9,0,0,0,20190412
AGENCY PASS-THRU (SPECIFIED),SINGLE FAMILY 15Y,262,143,711392.6,98,56,52513.7,40.0,29.0,10366.9,0,0,0,20190412
AGENCY PASS-THRU (SPECIFIED),SINGLE FAMILY 30Y,790,435,4596708.4,322,176,1907646.5,1060.0,481.0,9663272.6,0,0,0,20190412
AGENCY PASS-THRU (SPECIFIED),ADJUSTABLE/HYBRID,24,17,130642.4,6,4,37200.9,11.0,5.0,13095.9,*,*,*,20190412
AGENCY PASS-THRU (SPECIFIED),OTHER,0,0,0,0,0,0,0.0,0.0,0.0,0,0,0,20190412
AGENCY CMO,P&I,217,121,318362.5,212,120,605131.9,212.0,116.0,203665.0,10,6,8953.7,20190412
AGENCY CMO,IO/PO,17,9,139228.3,13,7,160517.5,22.0,17.0,460415.0,*,*,*,20190412
"AGENCY PASS-THRU (TBA, STIP, $ ROLLS)",SINGLE FAMILY 15Y,559,13,9784294,9,3,42775,0.0,0.0,0.0,0.0,0.0,0.0,20190415
"AGENCY PASS-THRU (TBA, STIP, $ ROLLS)",SINGLE FAMILY 30Y,3927,20,103760361.2,110,8,3486638.6,3238.0,37.0,70729479.9,0.0,0.0,0.0,20190415
"AGENCY PASS-THRU (TBA, STIP, $ ROLLS)",OTHER,15,8,147068,*,*,*,13.0,8.0,57868.8,0.0,0.0,0.0,20190415
AGENCY PASS-THRU (SPECIFIED),SINGLE FAMILY 15Y,270,164,712425.4,104,64,80196.8,31.0,14.0,3399.2,0.0,0.0,0.0,20190415
AGENCY PASS-THRU (SPECIFIED),SINGLE FAMILY 30Y,806,407,3206663.7,502,240,4749917.1,830.0,436.0,7292416.5,0.0,0.0,0.0,20190415
AGENCY PASS-THRU (SPECIFIED),ADJUSTABLE/HYBRID,47,30,78145.2,6,5,11892.2,144.0,121.0,167351.0,13.0,5.0,20676.8,20190415
AGENCY PASS-THRU (SPECIFIED),OTHER,0,0,0,0,0,0,0.0,0.0,0.0,0.0,0.0,0.0,20190415
AGENCY CMO,P&I,325,170,139525.2,332,187,142518.7,304.0,151.0,163256.0,20.0,11.0,38288.9,20190415
AGENCY CMO,IO/PO,12,9,84683.8,10,6,42133.4,6.0,5.0,63901.1,0.0,0.0,0.0,20190415
"AGENCY PASS-THRU (TBA, STIP, $ ROLLS)",SINGLE FAMILY 15Y,1233,12,13429723.3,46,5,1238409.5,0.0,0.0,0.0,0.0,0.0,0.0,20190416
"AGENCY PASS-THRU (TBA, STIP, $ ROLLS)",SINGLE FAMILY 30Y,6255,18,156808269.9,148,11,6388058.2,1471.0,27.0,38570788.6,0.0,0.0,0.0,20190416
"AGENCY PASS-THRU (TBA, STIP, $ ROLLS)",OTHER,15,10,384809,*,*,*,33.0,18.0,263945.4,0.0,0.0,0.0,20190416
AGENCY PASS-THRU (SPECIFIED),SINGLE FAMILY 15Y,340,190,926715.5,143,95,1127906.2,39.0,16.0,136751.0,0.0,0.0,0.0,20190416
AGENCY PASS-THRU (SPECIFIED),SINGLE FAMILY 30Y,1110,656,5431173.3,500,281,4650691.8,595.0,327.0,3344481.4,0.0,0.0,0.0,20190416
AGENCY PASS-THRU (SPECIFIED),ADJUSTABLE/HYBRID,14,12,119335.9,16,13,255843.9,22.0,12.0,23065.9,14.0,6.0,40036.4,20190416
AGENCY PASS-THRU (SPECIFIED),OTHER,0,0,0,0,0,0,0.0,0.0,0.0,0.0,0.0,0.0,20190416
AGENCY CMO,P&I,339,199,442561.9,331,178,509484.4,298.0,160.0,454451.2,33.0,25.0,88499.2,20190416
AGENCY CMO,IO/PO,36,23,436344.6,30,21,114232.9,17.0,7.0,59915.2,0.0,0.0,0.0,20190416
"AGENCY PASS-THRU (TBA, STIP, $ ROLLS)",SINGLE FAMILY 15Y,883,12,7724497.8,39,5,345925.2,0.0,0.0,0.0,0,0,0,20190417
"AGENCY PASS-THRU (TBA, STIP, $ ROLLS)",SINGLE FAMILY 30Y,5789,18,138674162.2,213,10,6667755.5,1068.0,24.0,20858274.7,0,0,0,20190417
"AGENCY PASS-THRU (TBA, STIP, $ ROLLS)",OTHER,17,9,617342,0,0,0,18.0,11.0,172066.0,0,0,0,20190417
AGENCY PASS-THRU (SPECIFIED),SINGLE FAMILY 15Y,329,229,834866.9,128,95,264704.7,43.0,26.0,71600.4,0,0,0,20190417
AGENCY PASS-THRU (SPECIFIED),SINGLE FAMILY 30Y,843,442,4460120.8,638,314,2457375.1,614.0,351.0,6864821.8,0,0,0,20190417
AGENCY PASS-THRU (SPECIFIED),ADJUSTABLE/HYBRID,21,15,161751.1,98,94,121754.9,43.0,21.0,112729.9,21,14,7644.6,20190417
AGENCY PASS-THRU (SPECIFIED),OTHER,0,0,0,0,0,0,0.0,0.0,0.0,0,0,0,20190417
AGENCY CMO,P&I,309,174,531116.8,291,154,206854.3,310.0,165.0,445944.2,33,20,110242.7,20190417
AGENCY CMO,IO/PO,38,19,226880.6,40,18,239539,60.0,25.0,450708.3,*,*,*,20190417
"AGENCY PASS-THRU (TBA, STIP, $ ROLLS)",SINGLE FAMILY 15Y,671,13,5844709,14,4,88940,0.0,0.0,0.0,0.0,0.0,0.0,20190418
"AGENCY PASS-THRU (TBA, STIP, $ ROLLS)",SINGLE FAMILY 30Y,3747,19,87742780.1,112,7,1823795.8,1090.0,26.0,18415612.5,0.0,0.0,0.0,20190418
"AGENCY PASS-THRU (TBA, STIP, $ ROLLS)",OTHER,17,7,197222,0,0,0,17.0,8.0,187560.1,0.0,0.0,0.0,20190418
AGENCY PASS-THRU (SPECIFIED),SINGLE FAMILY 15Y,230,155,383810.5,56,35,81550.5,9.0,4.0,13401.5,0.0,0.0,0.0,20190418
AGENCY PASS-THRU (SPECIFIED),SINGLE FAMILY 30Y,424,273,2178643.3,307,169,1234655.2,487.0,271.0,2063451.3,0.0,0.0,0.0,20190418
AGENCY PASS-THRU (SPECIFIED),ADJUSTABLE/HYBRID,*,*,*,0,0,0,18.0,12.0,78301.2,12.0,10.0,4125.1,20190418
AGENCY PASS-THRU (SPECIFIED),OTHER,0,0,0,0,0,0,0.0,0.0,0.0,0.0,0.0,0.0,20190418
AGENCY CMO,P&I,130,82,230856.3,130,83,199631.2,183.0,105.0,51808.4,6.0,6.0,27023.6,20190418
AGENCY CMO,IO/PO,27,16,56900.8,22,7,25833.8,9.0,5.0,210090.4,0.0,0.0,0.0,20190418
"AGENCY PASS-THRU (TBA, STIP, $ ROLLS)",SINGLE FAMILY 15Y,519,12,4876249.4,22,4,59172,0.0,0.0,0.0,0,0,0,20190422
"AGENCY PASS-THRU (TBA, STIP, $ ROLLS)",SINGLE FAMILY 30Y,4266,19,91483175.6,261,8,6687851.5,1306.0,28.0,18417362.0,0,0,0,20190422
"AGENCY PASS-THRU (TBA, STIP, $ ROLLS)",OTHER,24,12,763084,0,0,0,13.0,6.0,98460.1,0,0,0,20190422
AGENCY PASS-THRU (SPECIFIED),SINGLE FAMILY 15Y,276,165,225575.9,62,38,118518,37.0,15.0,58524.2,0,0,0,20190422
AGENCY PASS-THRU (SPECIFIED),SINGLE FAMILY 30Y,950,459,4602007.5,464,273,3653321.8,813.0,369.0,3410348.3,0,0,0,20190422
AGENCY PASS-THRU (SPECIFIED),ADJUSTABLE/HYBRID,16,11,20968.2,6,4,1309.7,18.0,18.0,48765.2,*,*,*,20190422
AGENCY PASS-THRU (SPECIFIED),OTHER,0,0,0,0,0,0,0.0,0.0,0.0,0,0,0,20190422
AGENCY CMO,P&I,288,152,186854.6,317,180,244746,356.0,159.0,131997.9,18,13,77912.9,20190422
AGENCY CMO,IO/PO,21,12,185400.3,9,4,44619.4,5.0,3.0,61234.7,0,0,0,20190422
"AGENCY PASS-THRU (TBA, STIP, $ ROLLS)",SINGLE FAMILY 15Y,726,16,14989226.5,29,5,764340,0.0,0.0,0.0,0.0,0.0,0.0,20190423
"AGENCY PASS-THRU (TBA, STIP, $ ROLLS)",SINGLE FAMILY 30Y,4745,23,125566400.8,232,14,7974283.7,1410.0,33.0,47098973.4,0.0,0.0,0.0,20190423
"AGENCY PASS-THRU (TBA, STIP, $ ROLLS)",OTHER,23,10,510934,0,0,0,15.0,9.0,147062.3,0.0,0.0,0.0,20190423
AGENCY PASS-THRU (SPECIFIED),SINGLE FAMILY 15Y,347,229,592866.8,151,106,423567.8,23.0,17.0,134963.2,0.0,0.0,0.0,20190423
AGENCY PASS-THRU (SPECIFIED),SINGLE FAMILY 30Y,1118,611,3645333.8,794,531,5606647.9,774.0,336.0,2770022.2,0.0,0.0,0.0,20190423
AGENCY PASS-THRU (SPECIFIED),ADJUSTABLE/HYBRID,42,32,92558.9,9,5,27067.7,11.0,11.0,78148.3,12.0,7.0,6980.9,20190423
AGENCY PASS-THRU (SPECIFIED),OTHER,0,0,0,0,0,0,0.0,0.0,0.0,0.0,0.0,0.0,20190423
AGENCY CMO,P&I,323,183,242437,242,147,299457.3,384.0,189.0,276887.0,16.0,12.0,100664.3,20190423
AGENCY CMO,IO/PO,26,13,105148.3,13,9,51257.7,34.0,25.0,364013.7,0.0,0.0,0.0,20190423
"AGENCY PASS-THRU (TBA, STIP, $ ROLLS)",SINGLE FAMILY 15Y,778,15,12644000,42,7,239400,0.0,0.0,0.0,0.0,0.0,0.0,20190424
"AGENCY PASS-THRU (TBA, STIP, $ ROLLS)",SINGLE FAMILY 30Y,4081,21,116995834.1,206,9,5216222.4,1165.0,25.0,22907681.9,0.0,0.0,0.0,20190424
"AGENCY PASS-THRU (TBA, STIP, $ ROLLS)",OTHER,29,12,552017.6,0,0,0,24.0,7.0,190001.8,0.0,0.0,0.0,20190424
AGENCY PASS-THRU (SPECIFIED),SINGLE FAMILY 15Y,418,256,789113.7,149,96,445497.3,34.0,17.0,217572.1,0.0,0.0,0.0,20190424
AGENCY PASS-THRU (SPECIFIED),SINGLE FAMILY 30Y,959,567,4664912.8,618,285,3202000.1,731.0,510.0,3617942.1,0.0,0.0,0.0,20190424
AGENCY PASS-THRU (SPECIFIED),ADJUSTABLE/HYBRID,26,20,27538.9,27,19,66506.7,16.0,11.0,10159.0,24.0,5.0,55549.3,20190424
AGENCY PASS-THRU (SPECIFIED),OTHER,0,0,0,0,0,0,0.0,0.0,0.0,0.0,0.0,0.0,20190424
AGENCY CMO,P&I,277,153,162669.3,292,150,177672,329.0,148.0,865120.3,21.0,11.0,20243.0,20190424
AGENCY CMO,IO/PO,36,18,142881.5,25,19,277117.7,40.0,22.0,515775.2,0.0,0.0,0.0,20190424
"AGENCY PASS-THRU (TBA, STIP, $ ROLLS)",SINGLE FAMILY 15Y,797,13,11212086,39,4,463221.2,0.0,0.0,0.0,0.0,0.0,0.0,20190425
"AGENCY PASS-THRU (TBA, STIP, $ ROLLS)",SINGLE FAMILY 30Y,3748,22,96906468.4,152,10,3804865.3,1046.0,30.0,41891683.1,0.0,0.0,0.0,20190425
"AGENCY PASS-THRU (TBA, STIP, $ ROLLS)",OTHER,40,13,582744.5,*,*,*,11.0,8.0,113401.1,0.0,0.0,0.0,20190425
AGENCY PASS-THRU (SPECIFIED),SINGLE FAMILY 15Y,319,211,635336.9,110,80,386902,28.0,23.0,95357.8,0.0,0.0,0.0,20190425
AGENCY PASS-THRU (SPECIFIED),SINGLE FAMILY 30Y,1028,629,6939371,570,318,3037461.1,671.0,330.0,2105638.0,0.0,0.0,0.0,20190425
AGENCY PASS-THRU (SPECIFIED),ADJUSTABLE/HYBRID,24,18,96146.4,27,20,54912.9,13.0,11.0,66893.8,14.0,9.0,21459.5,20190425
AGENCY PASS-THRU (SPECIFIED),OTHER,0,0,0,0,0,0,0.0,0.0,0.0,0.0,0.0,0.0,20190425
AGENCY CMO,P&I,269,144,164243.8,336,157,284502.9,404.0,150.0,332074.2,18.0,13.0,34520.7,20190425
AGENCY CMO,IO/PO,30,23,63976.5,14,12,43282.5,47.0,25.0,309859.1,0.0,0.0,0.0,20190425
"AGENCY PASS-THRU (TBA, STIP, $ ROLLS)",SINGLE FAMILY 15Y,772,15,9444212,23,4,295025.4,0.0,0.0,0.0,0,0,0,20190426
"AGENCY PASS-THRU (TBA, STIP, $ ROLLS)",SINGLE FAMILY 30Y,4336,20,101544258.3,165,9,5404517,1202.0,31.0,32005674.5,0,0,0,20190426
"AGENCY PASS-THRU (TBA, STIP, $ ROLLS)",OTHER,37,15,734272.4,0,0,0,34.0,11.0,273731.7,0,0,0,20190426
AGENCY PASS-THRU (SPECIFIED),SINGLE FAMILY 15Y,273,169,585715.1,113,69,184730.2,8.0,6.0,1437.5,0,0,0,20190426
AGENCY PASS-THRU (SPECIFIED),SINGLE FAMILY 30Y,707,396,4022832,316,172,1731379.7,318.0,165.0,1525144.9,0,0,0,20190426
AGENCY PASS-THRU (SPECIFIED),ADJUSTABLE/HYBRID,19,11,60708.6,11,10,71775.6,16.0,12.0,17461.4,8,3,20448.2,20190426
AGENCY PASS-THRU (SPECIFIED),OTHER,0,0,0,0,0,0,0.0,0.0,0.0,0,0,0,20190426
AGENCY CMO,P&I,248,139,137839.5,269,140,172155.6,286.0,126.0,286899.9,12,10,5955.9,20190426
AGENCY CMO,IO/PO,50,21,242675.2,21,13,18166.4,55.0,22.0,232254.3,*,*,*,20190426
"AGENCY PASS-THRU (TBA, STIP, $ ROLLS)",SINGLE FAMILY 15Y,759,12,9391523.7,28,4,129625,0.0,0.0,0.0,0.0,0.0,0.0,20190429
"AGENCY PASS-THRU (TBA, STIP, $ ROLLS)",SINGLE FAMILY 30Y,4599,20,130170645.8,181,6,5563433.3,1237.0,40.0,21287251.0,0.0,0.0,0.0,20190429
"AGENCY PASS-THRU (TBA, STIP, $ ROLLS)",OTHER,12,6,113417,0,0,0,10.0,8.0,45091.2,0.0,0.0,0.0,20190429
AGENCY PASS-THRU (SPECIFIED),SINGLE FAMILY 15Y,308,201,1234731.2,127,91,146458.2,11.0,8.0,1942.7,0.0,0.0,0.0,20190429
AGENCY PASS-THRU (SPECIFIED),SINGLE FAMILY 30Y,1062,613,5546282.2,448,242,1022859.7,623.0,315.0,1006267.9,0.0,0.0,0.0,20190429
AGENCY PASS-THRU (SPECIFIED),ADJUSTABLE/HYBRID,95,85,62713.1,5,3,416.6,15.0,11.0,23303.8,23.0,11.0,13260.1,20190429
AGENCY PASS-THRU (SPECIFIED),OTHER,0,0,0,0,0,0,0.0,0.0,0.0,0.0,0.0,0.0,20190429
AGENCY CMO,P&I,282,159,99985,293,161,187591.9,316.0,130.0,52760.7,22.0,19.0,17467.7,20190429
AGENCY CMO,IO/PO,37,19,373254.4,28,13,50036.6,47.0,18.0,292672.8,0.0,0.0,0.0,20190429
"AGENCY PASS-THRU (TBA, STIP, $ ROLLS)",SINGLE FAMILY 15Y,1050,15,12968595,51,7,202728.2,0.0,0.0,0.0,0,0,0,20190430
"AGENCY PASS-THRU (TBA, STIP, $ ROLLS)",SINGLE FAMILY 30Y,5262,22,134844132.1,260,12,7729870.7,1512.0,23.0,28360080.0,0,0,0,20190430
"AGENCY PASS-THRU (TBA, STIP, $ ROLLS)",OTHER,21,8,457687,*,*,*,9.0,6.0,42261.8,0,0,0,20190430
AGENCY PASS-THRU (SPECIFIED),SINGLE FAMILY 15Y,312,177,626415.2,124,75,222423,5.0,4.0,1987.3,0,0,0,20190430
AGENCY PASS-THRU (SPECIFIED),SINGLE FAMILY 30Y,800,427,3481257.7,433,203,2676309,566.0,277.0,1690454.3,0,0,0,20190430
AGENCY PASS-THRU (SPECIFIED),ADJUSTABLE/HYBRID,32,27,59482.9,14,14,23369.5,19.0,12.0,14575.0,9,5,7759.1,20190430
AGENCY PASS-THRU (SPECIFIED),OTHER,0,0,0,0,0,0,0.0,0.0,0.0,0,0,0,20190430
AGENCY CMO,P&I,338,187,273729.7,391,212,586373,376.0,176.0,546320.5,28,16,41912.4,20190430
AGENCY CMO,IO/PO,25,17,109696.3,31,21,189368.7,30.0,16.0,141295.3,*,*,*,20190430
"AGENCY PASS-THRU (TBA, STIP, $ ROLLS)",SINGLE FAMILY 15Y,880,12,9413060.9,40,6,541847.2,0.0,0.0,0.0,0,0,0,20190501
"AGENCY PASS-THRU (TBA, STIP, $ ROLLS)",SINGLE FAMILY 30Y,5953,23,136103639.2,174,10,4890515.3,1490.0,24.0,34172240.4,0,0,0,20190501
"AGENCY PASS-THRU (TBA, STIP, $ ROLLS)",OTHER,21,10,522267.3,*,*,*,23.0,8.0,198573.8,0,0,0,20190501
AGENCY PASS-THRU (SPECIFIED),SINGLE FAMILY 15Y,213,139,608700.1,103,62,199774.6,23.0,14.0,25298.9,0,0,0,20190501
AGENCY PASS-THRU (SPECIFIED),SINGLE FAMILY 30Y,929,519,9645320.7,377,203,1040062.8,632.0,344.0,3725449.3,0,0,0,20190501
AGENCY PASS-THRU (SPECIFIED),ADJUSTABLE/HYBRID,29,25,11222.1,35,28,81950.6,11.0,9.0,5231.4,*,*,*,20190501
AGENCY PASS-THRU (SPECIFIED),OTHER,0,0,0,0,0,0,0.0,0.0,0.0,0,0,0,20190501
AGENCY CMO,P&I,201,118,152664.1,273,152,370555.7,307.0,155.0,255957.1,31,21,51174,20190501
AGENCY CMO,IO/PO,7,5,105231.8,7,6,41667.9,16.0,12.0,474331.6,0,0,0,20190501
"AGENCY PASS-THRU (TBA, STIP, $ ROLLS)",SINGLE FAMILY 15Y,1136,12,17778921.6,33,4,594386.7,0.0,0.0,0.0,0.0,0.0,0.0,20190502
"AGENCY PASS-THRU (TBA, STIP, $ ROLLS)",SINGLE FAMILY 30Y,5660,17,158630654.9,310,11,16857329.6,1309.0,23.0,31072163.2,0.0,0.0,0.0,20190502
"AGENCY PASS-THRU (TBA, STIP, $ ROLLS)",OTHER,18,10,318264,0,0,0,14.0,7.0,90133.7,0.0,0.0,0.0,20190502
AGENCY PASS-THRU (SPECIFIED),SINGLE FAMILY 15Y,297,174,1787363.9,80,51,88814.8,46.0,19.0,114110.6,0.0,0.0,0.0,20190502
AGENCY PASS-THRU (SPECIFIED),SINGLE FAMILY 30Y,821,455,8985568.8,390,195,2321426.7,591.0,279.0,2574197.8,0.0,0.0,0.0,20190502
AGENCY PASS-THRU (SPECIFIED),ADJUSTABLE/HYBRID,27,27,17649.1,19,18,39763.3,48.0,27.0,16927.8,11.0,5.0,29656.1,20190502
AGENCY PASS-THRU (SPECIFIED),OTHER,0,0,0,0,0,0,0.0,0.0,0.0,0.0,0.0,0.0,20190502
AGENCY CMO,P&I,382,204,205165.3,361,200,354856.8,308.0,169.0,436655.6,16.0,12.0,23344.9,20190502
AGENCY CMO,IO/PO,23,14,90245.4,23,10,81345.7,29.0,20.0,461023.6,0.0,0.0,0.0,20190502
"AGENCY PASS-THRU (TBA, STIP, $ ROLLS)",SINGLE FAMILY 15Y,1048,12,10361975.3,36,4,541205.1,0.0,0.0,0.0,0,0,0,20190503
"AGENCY PASS-THRU (TBA, STIP, $ ROLLS)",SINGLE FAMILY 30Y,4982,24,168521315.8,226,14,9794024.4,1285.0,24.0,37021157.5,0,0,0,20190503
"AGENCY PASS-THRU (TBA, STIP, $ ROLLS)",OTHER,20,8,182268,*,*,*,15.0,5.0,98008.9,0,0,0,20190503
AGENCY PASS-THRU (SPECIFIED),SINGLE FAMILY 15Y,314,172,1482493.9,115,67,562114.5,34.0,11.0,79458.1,0,0,0,20190503
AGENCY PASS-THRU (SPECIFIED),SINGLE FAMILY 30Y,624,363,5732196.6,361,188,2921462,572.0,301.0,3077955.0,0,0,0,20190503
AGENCY PASS-THRU (SPECIFIED),ADJUSTABLE/HYBRID,5,4,4349.8,0,0,0,10.0,8.0,2565.4,*,*,*,20190503
AGENCY PASS-THRU (SPECIFIED),OTHER,0,0,0,0,0,0,0.0,0.0,0.0,0,0,0,20190503
AGENCY CMO,P&I,210,120,79166.4,212,112,113173.7,231.0,126.0,244452.8,27,17,48820.5,20190503
AGENCY CMO,IO/PO,12,10,183028.2,13,8,269778.5,13.0,10.0,387770.8,0,0,0,20190503
"AGENCY PASS-THRU (TBA, STIP, $ ROLLS)",SINGLE FAMILY 15Y,773,15,12236047.4,30,7,929311.6,0,0,0,0,0,0,20190506
"AGENCY PASS-THRU (TBA, STIP, $ ROLLS)",SINGLE FAMILY 30Y,5302,23,237037600,430,13,22746573.3,1313,32,18862392.8,0,0,0,20190506
"AGENCY PASS-THRU (TBA, STIP, $ ROLLS)",OTHER,37,11,1182518,0,0,0,15,9,76887.9,0,0,0,20190506
AGENCY PASS-THRU (SPECIFIED),SINGLE FAMILY 15Y,346,209,1069334.8,162,101,981961.2,32,14,12176.8,0,0,0,20190506
AGENCY PASS-THRU (SPECIFIED),SINGLE FAMILY 30Y,1128,758,6420913.2,497,284,6368787.3,516,229,3258568.5,0,0,0,20190506
AGENCY PASS-THRU (SPECIFIED),ADJUSTABLE/HYBRID,20,11,23215.7,9,5,3723.5,*,*,*,7,5,3374.7,20190506
AGENCY PASS-THRU (SPECIFIED),OTHER,0,0,0,0,0,0,0,0,0,0,0,0,20190506
AGENCY CMO,P&I,254,151,261717.7,197,111,116593.6,360,146,306025.3,34,23,119442.4,20190506
AGENCY CMO,IO/PO,12,5,124399.4,11,6,117167.3,16,10,260570.4,*,*,*,20190506
"AGENCY PASS-THRU (TBA, STIP, $ ROLLS)",SINGLE FAMILY 15Y,1046,15,17024543.5,25,5,177106.2,0.0,0.0,0.0,0,0,0,20190507
"AGENCY PASS-THRU (TBA, STIP, $ ROLLS)",SINGLE FAMILY 30Y,8720,24,355920869.1,812,13,27823382.8,1546.0,29.0,47395247.0,0,0,0,20190507
"AGENCY PASS-THRU (TBA, STIP, $ ROLLS)",OTHER,16,10,268983.9,0,0,0,56.0,14.0,240645.5,0,0,0,20190507
AGENCY PASS-THRU (SPECIFIED),SINGLE FAMILY 15Y,357,232,1446381.4,106,64,703981,13.0,7.0,3632.5,0,0,0,20190507
AGENCY PASS-THRU (SPECIFIED),SINGLE FAMILY 30Y,874,535,4065463.5,952,568,11705583.1,657.0,295.0,2029759.8,0,0,0,20190507
AGENCY PASS-THRU (SPECIFIED),ADJUSTABLE/HYBRID,69,68,13581.3,35,32,47682.9,13.0,8.0,9124.3,9,9,7630.9,20190507
AGENCY PASS-THRU (SPECIFIED),OTHER,0,0,0,0,0,0,0.0,0.0,0.0,0,0,0,20190507
AGENCY CMO,P&I,337,179,335097,318,178,293640.8,252.0,139.0,149748.0,29,18,41850.3,20190507
AGENCY CMO,IO/PO,13,8,70014.2,*,*,*,28.0,15.0,446012.2,*,*,*,20190507
"AGENCY PASS-THRU (TBA, STIP, $ ROLLS)",SINGLE FAMILY 15Y,1588,18,27886475.7,116,7,2933936.2,0.0,0.0,0.0,0,0,0,20190508
"AGENCY PASS-THRU (TBA, STIP, $ ROLLS)",SINGLE FAMILY 30Y,9394,26,280927755.8,925,14,28264815.7,1591.0,24.0,35063758.9,0,0,0,20190508
"AGENCY PASS-THRU (TBA, STIP, $ ROLLS)",OTHER,26,9,445912,*,*,*,30.0,8.0,216738.3,0,0,0,20190508
AGENCY PASS-THRU (SPECIFIED),SINGLE FAMILY 15Y,617,430,1182451.7,120,70,213452.5,32.0,16.0,19791.2,0,0,0,20190508
AGENCY PASS-THRU (SPECIFIED),SINGLE FAMILY 30Y,1232,627,8288410.3,799,402,6570411.7,627.0,285.0,2577712.2,0,0,0,20190508
AGENCY PASS-THRU (SPECIFIED),ADJUSTABLE/HYBRID,52,43,127187.6,10,8,19190.3,10.0,7.0,6111.9,10,7,7640.8,20190508
AGENCY PASS-THRU (SPECIFIED),OTHER,0,0,0,0,0,0,0.0,0.0,0.0,0,0,0,20190508
AGENCY CMO,P&I,254,143,251625.3,204,126,386591.4,249.0,129.0,549049.0,12,8,30749.3,20190508
AGENCY CMO,IO/PO,17,13,283766.8,5,5,62869,28.0,21.0,480096.8,*,*,*,20190508
"AGENCY PASS-THRU (TBA, STIP, $ ROLLS)",SINGLE FAMILY 15Y,1674,15,20221655.1,56,5,937767.9,0.0,0.0,0.0,0,0,0,20190509
"AGENCY PASS-THRU (TBA, STIP, $ ROLLS)",SINGLE FAMILY 30Y,7498,24,156149201.4,536,13,19052246.2,1779.0,28.0,42532286.4,0,0,0,20190509
"AGENCY PASS-THRU (TBA, STIP, $ ROLLS)",OTHER,19,11,205412,0,0,0,35.0,7.0,142877.6,0,0,0,20190509
AGENCY PASS-THRU (SPECIFIED),SINGLE FAMILY 15Y,370,211,2084142.5,150,91,554964.4,35.0,9.0,131917.2,0,0,0,20190509
AGENCY PASS-THRU (SPECIFIED),SINGLE FAMILY 30Y,869,369,7690124.5,463,201,5174953.1,552.0,300.0,2593533.7,0,0,0,20190509
AGENCY PASS-THRU (SPECIFIED),ADJUSTABLE/HYBRID,18,12,37414.3,7,4,1616.6,50.0,33.0,16508.4,*,*,*,20190509
AGENCY PASS-THRU (SPECIFIED),OTHER,0,0,0,0,0,0,0.0,0.0,0.0,0,0,0,20190509
AGENCY CMO,P&I,263,131,531258.6,204,119,432145.3,273.0,132.0,333924.8,80,25,95047.6,20190509
AGENCY CMO,IO/PO,15,10,136355.2,*,*,*,11.0,3.0,43368.2,0,0,0,20190509
"AGENCY PASS-THRU (TBA, STIP, $ ROLLS)",SINGLE FAMILY 15Y,1754,19,25246542.7,234,8,3506445.3,0.0,0.0,0.0,0,0,0,20190510
"AGENCY PASS-THRU (TBA, STIP, $ ROLLS)",SINGLE FAMILY 30Y,4357,22,86801346.8,9,6,27150,1615.0,35.0,48363850.7,0,0,0,20190510
"AGENCY PASS-THRU (TBA, STIP, $ ROLLS)",OTHER,25,10,420929.7,0,0,0,13.0,6.0,140961.0,0,0,0,20190510
AGENCY PASS-THRU (SPECIFIED),SINGLE FAMILY 15Y,339,224,1191115.3,176,112,893003.9,50.0,16.0,65996.6,0,0,0,20190510
AGENCY PASS-THRU (SPECIFIED),SINGLE FAMILY 30Y,632,308,2633812.5,368,162,1381116.4,563.0,260.0,3576920.6,0,0,0,20190510
AGENCY PASS-THRU (SPECIFIED),ADJUSTABLE/HYBRID,12,8,10172.9,*,*,*,38.0,30.0,27102.0,*,*,*,20190510
AGENCY PASS-THRU (SPECIFIED),OTHER,0,0,0,0,0,0,0.0,0.0,0.0,0,0,0,20190510
AGENCY CMO,P&I,227,121,136237.2,227,112,222741.5,342.0,150.0,433637.4,10,7,21496,20190510
AGENCY CMO,IO/PO,22,16,502396.9,8,5,65206,16.0,13.0,242999.5,0,0,0,20190510
"AGENCY PASS-THRU (TBA, STIP, $ ROLLS)",SINGLE FAMILY 15Y,1928,18,28604665.9,129,8,2205672.1,0.0,0.0,0.0,0.0,0.0,0.0,20190513
"AGENCY PASS-THRU (TBA, STIP, $ ROLLS)",SINGLE FAMILY 30Y,3963,24,81954094.7,15,7,6491668.5,1618.0,28.0,37911337.3,0.0,0.0,0.0,20190513
"AGENCY PASS-THRU (TBA, STIP, $ ROLLS)",OTHER,14,8,192106,0,0,0,26.0,7.0,102778.4,0.0,0.0,0.0,20190513
AGENCY PASS-THRU (SPECIFIED),SINGLE FAMILY 15Y,579,462,1649713.8,177,121,1009780,66.0,23.0,33422.8,0.0,0.0,0.0,20190513
AGENCY PASS-THRU (SPECIFIED),SINGLE FAMILY 30Y,698,359,3571838.2,598,304,5547656.9,739.0,387.0,4758496.9,0.0,0.0,0.0,20190513
AGENCY PASS-THRU (SPECIFIED),ADJUSTABLE/HYBRID,113,50,181951.5,19,10,12841.5,13.0,6.0,4637.5,17.0,12.0,50031.7,20190513
AGENCY PASS-THRU (SPECIFIED),OTHER,0,0,0,0,0,0,0.0,0.0,0.0,0.0,0.0,0.0,20190513
AGENCY CMO,P&I,215,125,74943.4,241,144,95504.7,259.0,122.0,133177.4,9.0,6.0,14687.7,20190513
AGENCY CMO,IO/PO,18,11,62991,14,8,156045.6,31.0,19.0,190685.7,0.0,0.0,0.0,20190513
"AGENCY PASS-THRU (TBA, STIP, $ ROLLS)",SINGLE FAMILY 15Y,1755,18,21155861.5,212,11,2000341.9,0.0,0.0,0.0,0.0,0.0,0.0,20190514
"AGENCY PASS-THRU (TBA, STIP, $ ROLLS)",SINGLE FAMILY 30Y,4527,22,99821039.6,11,6,70072.5,2201.0,39.0,70304813.3,0.0,0.0,0.0,20190514
"AGENCY PASS-THRU (TBA, STIP, $ ROLLS)",OTHER,29,9,458579.4,0,0,0,30.0,10.0,191179.9,0.0,0.0,0.0,20190514
AGENCY PASS-THRU (SPECIFIED),SINGLE FAMILY 15Y,450,276,3337719.3,166,117,480112.2,71.0,37.0,26407.7,0.0,0.0,0.0,20190514
AGENCY PASS-THRU (SPECIFIED),SINGLE FAMILY 30Y,1195,598,5581205.8,492,231,1625935.4,959.0,456.0,6219909.2,0.0,0.0,0.0,20190514
AGENCY PASS-THRU (SPECIFIED),ADJUSTABLE/HYBRID,31,20,259209,15,11,21509.5,35.0,25.0,38677.3,10.0,7.0,11919.4,20190514
AGENCY PASS-THRU (SPECIFIED),OTHER,0,0,0,0,0,0,0.0,0.0,0.0,0.0,0.0,0.0,20190514
AGENCY CMO,P&I,408,212,461490.2,328,195,351229.9,352.0,175.0,196266.2,71.0,31.0,141222.5,20190514
AGENCY CMO,IO/PO,36,29,429711.8,26,21,49402.4,56.0,48.0,343839.7,0.0,0.0,0.0,20190514
"AGENCY PASS-THRU (TBA, STIP, $ ROLLS)",SINGLE FAMILY 15Y,634,12,7562727.1,*,*,*,0.0,0.0,0.0,0.0,0.0,0.0,20190515
"AGENCY PASS-THRU (TBA, STIP, $ ROLLS)",SINGLE FAMILY 30Y,4565,24,111693707.4,55,7,1159100.6,3064.0,35.0,75979417.6,0.0,0.0,0.0,20190515
"AGENCY PASS-THRU (TBA, STIP, $ ROLLS)",OTHER,15,8,135239,0,0,0,33.0,12.0,199134.4,0.0,0.0,0.0,20190515
AGENCY PASS-THRU (SPECIFIED),SINGLE FAMILY 15Y,482,290,1785738.7,248,167,633676.2,95.0,44.0,48558.7,0.0,0.0,0.0,20190515
AGENCY PASS-THRU (SPECIFIED),SINGLE FAMILY 30Y,930,510,6173407.8,447,218,1786228.1,1420.0,593.0,14937475.9,0.0,0.0,0.0,20190515
AGENCY PASS-THRU (SPECIFIED),ADJUSTABLE/HYBRID,62,38,314354.3,40,22,31451.1,47.0,21.0,13909.6,9.0,7.0,6624.2,20190515
AGENCY PASS-THRU (SPECIFIED),OTHER,0,0,0,0,0,0,0.0,0.0,0.0,0.0,0.0,0.0,20190515
AGENCY CMO,P&I,439,228,716006.8,440,235,302108.3,343.0,168.0,240460.0,24.0,17.0,18512.0,20190515
AGENCY CMO,IO/PO,29,20,80338.9,47,39,173946.7,78.0,72.0,490501.6,0.0,0.0,0.0,20190515
"AGENCY PASS-THRU (TBA, STIP, $ ROLLS)",SINGLE FAMILY 15Y,703,13,7254935.3,5,2,52346,0.0,0.0,0.0,0.0,0.0,0.0,20190516
"AGENCY PASS-THRU (TBA, STIP, $ ROLLS)",SINGLE FAMILY 30Y,5015,23,107789539.3,20,6,552652.5,3722.0,37.0,82301987.9,0.0,0.0,0.0,20190516
"AGENCY PASS-THRU (TBA, STIP, $ ROLLS)",OTHER,30,14,645775,*,*,*,25.0,10.0,202845.4,0.0,0.0,0.0,20190516
AGENCY PASS-THRU (SPECIFIED),SINGLE FAMILY 15Y,423,292,1166964,182,120,1008489.1,32.0,14.0,31699.7,0.0,0.0,0.0,20190516
AGENCY PASS-THRU (SPECIFIED),SINGLE FAMILY 30Y,955,547,6118685.2,517,257,3865831,1442.0,856.0,7982691.1,0.0,0.0,0.0,20190516
AGENCY PASS-THRU (SPECIFIED),ADJUSTABLE/HYBRID,35,27,71641.5,33,21,61203.7,34.0,15.0,57253.9,16.0,9.0,40003.0,20190516
AGENCY PASS-THRU (SPECIFIED),OTHER,0,0,0,0,0,0,0.0,0.0,0.0,0.0,0.0,0.0,20190516
AGENCY CMO,P&I,303,177,228907.4,307,165,324438.6,423.0,210.0,169732.5,30.0,21.0,71704.7,20190516
AGENCY CMO,IO/PO,19,10,259346.5,31,6,202476.8,33.0,12.0,151856.7,0.0,0.0,0.0,20190516
"AGENCY PASS-THRU (TBA, STIP, $ ROLLS)",SINGLE FAMILY 15Y,517,12,8380810.2,*,*,*,0.0,0.0,0.0,0.0,0.0,0.0,20190517
"AGENCY PASS-THRU (TBA, STIP, $ ROLLS)",SINGLE FAMILY 30Y,4006,17,111314394.6,16,5,27406.6,3137.0,41.0,62385813.3,0.0,0.0,0.0,20190517
"AGENCY PASS-THRU (TBA, STIP, $ ROLLS)",OTHER,19,13,261917.5,0,0,0,27.0,13.0,158204.0,0.0,0.0,0.0,20190517
AGENCY PASS-THRU (SPECIFIED),SINGLE FAMILY 15Y,272,168,1729648.5,82,55,738334.8,50.0,25.0,11253.2,0.0,0.0,0.0,20190517
AGENCY PASS-THRU (SPECIFIED),SINGLE FAMILY 30Y,1018,601,4420246.3,418,224,1467174.1,1680.0,860.0,9811631.8,0.0,0.0,0.0,20190517
AGENCY PASS-THRU (SPECIFIED),ADJUSTABLE/HYBRID,23,15,51103.8,36,22,384365.7,46.0,33.0,101425.7,12.0,6.0,28507.3,20190517
AGENCY PASS-THRU (SPECIFIED),OTHER,0,0,0,0,0,0,0.0,0.0,0.0,0.0,0.0,0.0,20190517
AGENCY CMO,P&I,236,130,227454.8,197,120,327324.3,322.0,149.0,477550.0,24.0,17.0,96355.9,20190517
AGENCY CMO,IO/PO,19,9,124274.8,7,6,50763.4,24.0,15.0,528995.9,0.0,0.0,0.0,20190517
"AGENCY PASS-THRU (TBA, STIP, $ ROLLS)",SINGLE FAMILY 15Y,451,12,5453098.1,0,0,0,0.0,0.0,0.0,0.0,0.0,0.0,20190520
"AGENCY PASS-THRU (TBA, STIP, $ ROLLS)",SINGLE FAMILY 30Y,3888,23,70071381.4,*,*,*,1160.0,27.0,22481428.9,0.0,0.0,0.0,20190520
"AGENCY PASS-THRU (TBA, STIP, $ ROLLS)",OTHER,13,9,143529,0,0,0,19.0,7.0,140798.9,0.0,0.0,0.0,20190520
AGENCY PASS-THRU (SPECIFIED),SINGLE FAMILY 15Y,356,193,361493.9,124,73,290047.6,21.0,12.0,8870.8,0.0,0.0,0.0,20190520
AGENCY PASS-THRU (SPECIFIED),SINGLE FAMILY 30Y,771,412,3744344.7,370,177,638054.9,746.0,285.0,2941860.8,0.0,0.0,0.0,20190520
AGENCY PASS-THRU (SPECIFIED),ADJUSTABLE/HYBRID,33,25,222819.4,46,27,432296.2,11.0,11.0,2079.5,20.0,11.0,18508.2,20190520
AGENCY PASS-THRU (SPECIFIED),OTHER,0,0,0,0,0,0,0.0,0.0,0.0,0.0,0.0,0.0,20190520
AGENCY CMO,P&I,257,148,118364.7,306,151,111467.3,383.0,162.0,172768.7,24.0,19.0,76966.7,20190520
AGENCY CMO,IO/PO,11,8,21689.7,35,8,170367.9,24.0,14.0,133441.1,0.0,0.0,0.0,20190520
"AGENCY PASS-THRU (TBA, STIP, $ ROLLS)",SINGLE FAMILY 15Y,909,13,9623731.2,*,*,*,0.0,0.0,0.0,0.0,0.0,0.0,20190521
"AGENCY PASS-THRU (TBA, STIP, $ ROLLS)",SINGLE FAMILY 30Y,5030,19,120419148.6,15,4,136822.8,1277.0,24.0,32537365.1,0.0,0.0,0.0,20190521
"AGENCY PASS-THRU (TBA, STIP, $ ROLLS)",OTHER,18,12,251615,0,0,0,6.0,3.0,53281.4,0.0,0.0,0.0,20190521
AGENCY PASS-THRU (SPECIFIED),SINGLE FAMILY 15Y,427,259,859657,177,99,454239.9,31.0,13.0,54648.0,0.0,0.0,0.0,20190521
AGENCY PASS-THRU (SPECIFIED),SINGLE FAMILY 30Y,1311,622,4751819.9,1310,723,3298377.1,815.0,402.0,4076759.3,0.0,0.0,0.0,20190521
AGENCY PASS-THRU (SPECIFIED),ADJUSTABLE/HYBRID,194,183,112372.7,25,15,77230.3,19.0,14.0,11030.2,21.0,15.0,38639.0,20190521
AGENCY PASS-THRU (SPECIFIED),OTHER,0,0,0,0,0,0,0.0,0.0,0.0,0.0,0.0,0.0,20190521
AGENCY CMO,P&I,452,241,575350.6,349,181,638960.2,348.0,171.0,511570.2,18.0,13.0,25352.2,20190521
AGENCY CMO,IO/PO,32,16,188135.9,12,6,47284.4,30.0,12.0,169028.1,0.0,0.0,0.0,20190521
"AGENCY PASS-THRU (TBA, STIP, $ ROLLS)",SINGLE FAMILY 15Y,975,16,12008881.6,0,0,0,0.0,0.0,0.0,0.0,0.0,0.0,20190522
"AGENCY PASS-THRU (TBA, STIP, $ ROLLS)",SINGLE FAMILY 30Y,4338,18,104133678,7,4,44578.8,1423.0,37.0,45642146.6,0.0,0.0,0.0,20190522
"AGENCY PASS-THRU (TBA, STIP, $ ROLLS)",OTHER,28,14,423146.8,0,0,0,29.0,11.0,56455.7,0.0,0.0,0.0,20190522
AGENCY PASS-THRU (SPECIFIED),SINGLE FAMILY 15Y,351,218,1120798.8,128,80,843208.7,51.0,26.0,40409.5,0.0,0.0,0.0,20190522
AGENCY PASS-THRU (SPECIFIED),SINGLE FAMILY 30Y,973,568,4912550.1,606,328,3289491.3,906.0,419.0,7566322.0,0.0,0.0,0.0,20190522
AGENCY PASS-THRU (SPECIFIED),ADJUSTABLE/HYBRID,14,12,149610.9,5,4,40774,24.0,23.0,149748.8,8.0,6.0,6321.7,20190522
AGENCY PASS-THRU (SPECIFIED),OTHER,0,0,0,0,0,0,0.0,0.0,0.0,0.0,0.0,0.0,20190522
AGENCY CMO,P&I,319,159,186467.5,392,192,216035.5,379.0,172.0,635917.0,35.0,26.0,70698.2,20190522
AGENCY CMO,IO/PO,45,21,186179.9,19,10,58703.6,32.0,19.0,506370.2,0.0,0.0,0.0,20190522
"AGENCY PASS-THRU (TBA, STIP, $ ROLLS)",SINGLE FAMILY 15Y,1003,23,12553757.7,0,0,0,0.0,0.0,0.0,0,0,0,20190523
"AGENCY PASS-THRU (TBA, STIP, $ ROLLS)",SINGLE FAMILY 30Y,6234,30,174287400.7,27,7,4633263.2,1440.0,26.0,42010804.8,0,0,0,20190523
"AGENCY PASS-THRU (TBA, STIP, $ ROLLS)",OTHER,33,18,898036.8,20,4,439440.3,19.0,11.0,227432.8,0,0,0,20190523
AGENCY PASS-THRU (SPECIFIED),SINGLE FAMILY 15Y,358,219,509864.1,131,101,163686.7,38.0,24.0,12249.0,0,0,0,20190523
AGENCY PASS-THRU (SPECIFIED),SINGLE FAMILY 30Y,1070,560,5034072.6,699,388,3979690.7,1007.0,590.0,4404171.5,0,0,0,20190523
AGENCY PASS-THRU (SPECIFIED),ADJUSTABLE/HYBRID,22,18,80642,26,22,32210.4,41.0,27.0,82381.7,7,6,8760.1,20190523
AGENCY PASS-THRU (SPECIFIED),OTHER,0,0,0,0,0,0,0.0,0.0,0.0,0,0,0,20190523
AGENCY CMO,P&I,273,159,278848.9,297,160,523643.5,291.0,155.0,504588.4,35,23,56637,20190523
AGENCY CMO,IO/PO,23,14,337286.6,20,10,351655.8,12.0,7.0,24427.6,*,*,*,20190523
"AGENCY PASS-THRU (TBA, STIP, $ ROLLS)",SINGLE FAMILY 15Y,269,11,7328765.5,0,0,0,0,0,0,0.0,0.0,0.0,20190524
"AGENCY PASS-THRU (TBA, STIP, $ ROLLS)",SINGLE FAMILY 30Y,2351,17,61684134.5,*,*,*,787,22,11878584.2,0.0,0.0,0.0,20190524
"AGENCY PASS-THRU (TBA, STIP, $ ROLLS)",OTHER,21,12,284415,0,0,0,13,6,72255.6,0.0,0.0,0.0,20190524
AGENCY PASS-THRU (SPECIFIED),SINGLE FAMILY 15Y,317,235,961418.8,84,60,88770.7,17,10,3332,0.0,0.0,0.0,20190524
AGENCY PASS-THRU (SPECIFIED),SINGLE FAMILY 30Y,498,324,1758986.8,367,239,1672223.4,611,321,1290876.4,0.0,0.0,0.0,20190524
AGENCY PASS-THRU (SPECIFIED),ADJUSTABLE/HYBRID,5,3,185.7,50,50,32992.3,*,*,*,8.0,7.0,7160.6,20190524
AGENCY PASS-THRU (SPECIFIED),OTHER,0,0,0,0,0,0,0,0,0,0.0,0.0,0.0,20190524
AGENCY CMO,P&I,134,84,82416.7,136,83,77717.6,201,110,338467.5,18.0,11.0,54401.4,20190524
AGENCY CMO,IO/PO,11,4,43499.9,11,6,117733.1,11,8,44205.8,0.0,0.0,0.0,20190524
"AGENCY PASS-THRU (TBA, STIP, $ ROLLS)",SINGLE FAMILY 15Y,887,12,11331431.7,0,0,0,0.0,0.0,0.0,0.0,0.0,0.0,20190528
"AGENCY PASS-THRU (TBA, STIP, $ ROLLS)",SINGLE FAMILY 30Y,5316,26,111488394.8,9,6,327696.8,1293.0,22.0,26332710.4,0.0,0.0,0.0,20190528
"AGENCY PASS-THRU (TBA, STIP, $ ROLLS)",OTHER,13,8,152495,0,0,0,12.0,5.0,61403.2,0.0,0.0,0.0,20190528
AGENCY PASS-THRU (SPECIFIED),SINGLE FAMILY 15Y,280,191,616889.1,132,85,103913.9,30.0,19.0,22209.0,0.0,0.0,0.0,20190528
AGENCY PASS-THRU (SPECIFIED),SINGLE FAMILY 30Y,1038,530,5170581.2,622,316,8673182.6,1036.0,453.0,3319411.0,0.0,0.0,0.0,20190528
AGENCY PASS-THRU (SPECIFIED),ADJUSTABLE/HYBRID,22,22,20214.1,*,*,*,23.0,19.0,248493.9,16.0,12.0,47027.2,20190528
AGENCY PASS-THRU (SPECIFIED),OTHER,0,0,0,0,0,0,0.0,0.0,0.0,0.0,0.0,0.0,20190528
AGENCY CMO,P&I,381,181,392885.9,313,167,237070.6,380.0,163.0,198163.3,13.0,9.0,60782.7,20190528
AGENCY CMO,IO/PO,21,11,89909.9,8,6,68715.4,13.0,7.0,195993.5,0.0,0.0,0.0,20190528
"AGENCY PASS-THRU (TBA, STIP, $ ROLLS)",SINGLE FAMILY 15Y,1026,11,11651928.3,0,0,0,0.0,0.0,0.0,0.0,0.0,0.0,20190529
"AGENCY PASS-THRU (TBA, STIP, $ ROLLS)",SINGLE FAMILY 30Y,7886,19,229389248.8,36,8,1681771.9,1646.0,25.0,38713653.7,0.0,0.0,0.0,20190529
"AGENCY PASS-THRU (TBA, STIP, $ ROLLS)",OTHER,34,19,669927.9,0,0,0,17.0,7.0,115880.7,0.0,0.0,0.0,20190529
AGENCY PASS-THRU (SPECIFIED),SINGLE FAMILY 15Y,397,230,1539865.5,134,78,718479.9,28.0,14.0,26511.7,0.0,0.0,0.0,20190529
AGENCY PASS-THRU (SPECIFIED),SINGLE FAMILY 30Y,1038,634,7307344.4,591,345,4393261,713.0,350.0,8219571.7,0.0,0.0,0.0,20190529
AGENCY PASS-THRU (SPECIFIED),ADJUSTABLE/HYBRID,42,33,446817.2,33,29,66734.9,37.0,24.0,51408.0,26.0,10.0,17174.2,20190529
AGENCY PASS-THRU (SPECIFIED),OTHER,0,0,0,0,0,0,0.0,0.0,0.0,0.0,0.0,0.0,20190529
AGENCY CMO,P&I,453,249,480910.7,345,181,300509.4,357.0,178.0,280642.7,15.0,8.0,26513.4,20190529
AGENCY CMO,IO/PO,36,16,263864.5,19,10,202709.2,70.0,13.0,164803.7,0.0,0.0,0.0,20190529
"AGENCY PASS-THRU (TBA, STIP, $ ROLLS)",SINGLE FAMILY 15Y,850,15,12117054.4,*,*,*,0.0,0.0,0.0,0,0,0,20190530
"AGENCY PASS-THRU (TBA, STIP, $ ROLLS)",SINGLE FAMILY 30Y,6730,23,153266821.1,26,8,7081375.5,1474.0,27.0,25372614.6,0,0,0,20190530
"AGENCY PASS-THRU (TBA, STIP, $ ROLLS)",OTHER,18,9,421259,*,*,*,19.0,9.0,113385.5,0,0,0,20190530
AGENCY PASS-THRU (SPECIFIED),SINGLE FAMILY 15Y,437,252,1340277.9,170,100,792067.8,35.0,22.0,10721.6,0,0,0,20190530
AGENCY PASS-THRU (SPECIFIED),SINGLE FAMILY 30Y,1442,614,4858631.2,707,304,3766554.8,1238.0,730.0,1923394.3,0,0,0,20190530
AGENCY PASS-THRU (SPECIFIED),ADJUSTABLE/HYBRID,25,23,53175.7,7,6,4504.6,16.0,12.0,32321.1,21,19,33024.8,20190530
AGENCY PASS-THRU (SPECIFIED),OTHER,0,0,0,0,0,0,0.0,0.0,0.0,0,0,0,20190530
AGENCY CMO,P&I,331,153,94760.4,365,187,246924.6,263.0,127.0,76991.0,50,39,460855.4,20190530
AGENCY CMO,IO/PO,38,23,360792.4,23,12,115192.4,34.0,13.0,180881.9,*,*,*,20190530
"AGENCY PASS-THRU (TBA, STIP, $ ROLLS)",SINGLE FAMILY 15Y,884,15,8938309.8,6,3,12000,0.0,0.0,0.0,0,0,0,20190531
"AGENCY PASS-THRU (TBA, STIP, $ ROLLS)",SINGLE FAMILY 30Y,8457,24,207711296.2,9,5,38800,1671.0,36.0,52218813.3,0,0,0,20190531
"AGENCY PASS-THRU (TBA, STIP, $ ROLLS)",OTHER,39,14,627069.8,0,0,0,24.0,13.0,274282.6,0,0,0,20190531
AGENCY PASS-THRU (SPECIFIED),SINGLE FAMILY 15Y,323,191,1081945.8,116,72,511743.2,21.0,9.0,12141.5,0,0,0,20190531
AGENCY PASS-THRU (SPECIFIED),SINGLE FAMILY 30Y,1158,638,4209038.8,686,327,1931631,575.0,383.0,6429185.9,0,0,0,20190531
AGENCY PASS-THRU (SPECIFIED),ADJUSTABLE/HYBRID,14,11,57978.5,*,*,*,165.0,85.0,44644.9,20,13,26826.5,20190531
AGENCY PASS-THRU (SPECIFIED),OTHER,0,0,0,0,0,0,0.0,0.0,0.0,0,0,0,20190531
AGENCY CMO,P&I,321,159,303737.5,253,139,428034.3,255.0,133.0,335764.4,30,20,155708.7,20190531
AGENCY CMO,IO/PO,36,23,265469,23,7,96146.5,24.0,15.0,107816.3,*,*,*,20190531
